destinasi_wisata_id,nama_objek,jenis_objek,koordinat,alamat,kabupaten_kota,Rating,jumlah_reviewer,deskripsi,estimasi_harga_tiket
1,Air Terjun Oenesu,Air Terjun,"-10.265808948244858, 123.5662605976458","Oenesu, Kec. Kupang Bar., Kabupaten Kupang, Nusa Tenggara Tim.",Kupang,4,117,Keunikan Dari Air Terjun Oenesu Ini Adalah Pada Undakan Terjunan Airnya Yang Berjumlah 4 Buah. Di Sela-Sela Air Terjun Ini Terdapat Kubangan Air Alam Yang Berupa Sebuah Kolam Alami Yang Biasa Digunakan Untuk Berenang. Menyebut Oenesu bagi orang Kupang be,Rp. 2000
2,Danau Supul,Danau,"-9.840924083771892, 124.44881772462745","Supul, Kec. Kuatnana, Kabupaten Timor Tengah Selatan, Nusa Tenggara Tim.",Timor Tengah Selatan,"4,3",27,"Danau ini banyak di tumbuhi tanaman eceng gondok, rawa-rawa dan rumput liar serta terletak di tepi jalan utama",Rp. 2000
3,Danau Tuadale,Danau,"-10.324771012140449, 123.51115401114009","Lifuleo, Kec. Kupang Bar., Kabupaten Kupang, Nusa Tenggara Tim.",Kupang,"4,2",53,"Spesifikasi dan daya tarik adalah rekreasi, mancing dan hutan bakau. Memiliki panorama yang asli dan indah, Turis sering menikmati keindahan hutan bakau dengan berlayar memakai perahu kecil dan membeli ikan segar dari penduduk setempat. Dapat dijangkau d",Rp. 2000
4,Taman Wisata Alam Camplong,Taman,"-10.037771883129174, 123.92703046429074","Jl. Oesao - Bokong, Camplong I, Kec. Fatuleu, Kabupaten Kupang, Nusa Tenggara Tim.",Kupang,"4,2",510,"Hutan Camplong merupakan hutan wisata dengan pemandian alamnya yang indah dan sejuk, karena terletak di kaki Gunung Fatuleu. Hutan wisata ini banyak didiami jenis satwa yang dilindungi. Di Hutan Camplong juga banyak terdapat sumber daya alam, seperti sum",Rp. 5000
5,Tugu Biinmafo Kota Kefamenanu,Tugu,"-9.515392685014094, 124.4921799399656","Naiola, Kec. Bikomi Sel., Kabupaten Timor Tengah Utara, Nusa Tenggara Tim.",Timor Tengah Selatan,"4,6",53,"BIINMAFO, tugu selamat datatang yang menyambut kita pada saat memasuki Kota KEFAMENANU, Tugu Dengan tinggi -/+ 10 meter ini merupakan tugu selamat datang, Tugu yang berdiri kokoh ini dihiasi patung dengan pakean 3 kesatria dari TTU, Karena letak Kefamena",Rp0
6,Air Terjun Oehala,Air Terjun,"-9.802908668440715, 124.30736676695595","Jalan, Oehala, Kec. Mollo Tengah, Kabupaten Timor Tengah Selatan, Nusa Tenggara Tim.",Timor Tengah Selatan,"4,4",330,"Air Terjun Yang terdiri Dari 7 Tingkatan Besar Dan Banyak Juga Linnya Yang Lebih kecil Yang Terbentuk Secara Alamiah Tanpa Adanya Campur Tangan Manusia Dalam Membuatnya. Air Terjun Oehala, Adalah Salah Satu Obyek Wisata lain Yang Dapat Anda Jumpai Di Wil",Rp. 5000
7,Pantai Kolbano,Pantai,"-10.019510704605832, 124.53850403431765","Kolbano, Kec. Kolbano, Kabupaten Timor Tengah Selatan, Nusa Tenggara Tim.",Timor Tengah Selatan,"4,6",966,"Bagi kebanyakan wisatawan mengunjungi pesisir pantai yang dipenuhi hamparan pasir putih atau pasir hitam merupakan hal biasa yang dapat kita lihat, namun bagaimana dengan pesisir pantai yang dipenuhi hamparan batu berwarna-warni yang sangat indah dan uni",Rp. 2000 - 5000
8,Pantai Lasiana,Pantai,"-10.131134994755573, 123.66980122988093","Lasiana, Kec. Klp. Lima, Kota Kupang, Nusa Tenggara Tim.",Kota Kupang,"4,3",1672,"Pantai Lasiana mulai dibuka untuk umum sekitar tahun 1970-an. Sejak Dinas Pariwisata NTT memoles dengan membangun berbagai fasilitas pada tahun 1986, Pantai Lasiana ramai dikunjungi turis asing. Sesuai rencana pengembangan Pemkot Kupang, Pantai Lasiana a",Rp. 3000 - 6000
9,Pantai Manikin,Pantai,"-10.125037602034066, 123.67405762463108","VMFF+WJ7, Unnamed Road, Tarus, Tengah, Nusa Tenggara Tim., Tarus, Kec. Kupang Tengah, Kota Kupang, Nusa Tenggara Tim.",Kota Kupang,"4,3",209,"Spesifikasi daya tarik memiliki panorama alam, pasir putih yang indah. Salah satu tempat wisata yang banyak dikunjungi oleh turis karena menyediakan tempat untuk segala tingkat, juga dapat digunakan untuk bola voly pantai.",Rp. 3000 - 5000
10,Pantai Oetune,Pantai,"-10.168052690160925, 124.39672649627035","Tuafanu, Kec. Kualin, Kabupaten Timor Tengah Selatan, Nusa Tenggara Tim.",Timor Tengah Selatan,"4,6",756,"Pantai Oetune mempunyai pasir halus sepanjang 5 km, ada tempat untuk istirahat dan tempat duduk yang tersusun berderet di tepi pantai",Rp. 3000
11,Pantai Atapupu,Pantai,"-8.972393727818604, 124.90452841112368","2WG3+XQH, Jl. Nasional Trans Timor, Kabupaten Belu, Nusa Tenggara Tim.",Belu,"4,4",234,"Sebuah pantai dengan pasir putihnya yang elok,yang masih belum terjamah oleh polusi.Tapi sayangnya belum di kelola dengan baik oleh dinas pariwisata setempat dengan dilengkapi sarana dan prasarana pendukungnya sehingga dapat memanjakan pengunjungnya dan",Rp. 5000-10.000
12,Sungai NOELMINA,Sungai,"-10.160278908870582, 124.21119523434628","Enoraen, Kec. Amarasi Tim., Kabupaten Kupang, Nusa Tenggara Tim.",Kupang,5,2,Letaknya yang strategis karena menjadi perbatasan antara Kabupaten Kupang dengan Kabupaten Timor Tengah Selatan (TTS) membuat Sungai Noelmina populer bagi mereka yang pernah berkunjung ke Pulau Timor. Sungai yang berhulu di Gunung Mutis ini juga punya je,Rp.0
13,Pantai Tablolong,Pantai,"-10.317563809012798, 123.47532668040449","Tablolong, Kec. Kupang Bar., Kabupaten Kupang, Nusa Tenggara Tim.",Kupang,"4,4",473,"Letak Pantai Tablolong Secara Gamblang Dapat Dikatakan Berada Di Ujung Pulau Timor. Posisi Pantai Tablolong Yang Berhadapan Langsung Dengan Pulau Semau, Spesifikasi daya tarik panorama alam, luas pantai Â± 3 km dengan keadaan pantai yang unik dan berpasi",Rp. 10.000
14,Taman Wisata Bu'aT,Taman,"-9.820811848671807, 124.25827947517799","57C6+Q3M, Klani/Noinbila, Kec. Mollo Sel., Kabupaten Timor Tengah Selatan, Nusa Tenggara Tim.",Timor Tengah Selatan,"4,8",4,"Taman Wisata Bu'at Ini, Menurut Rencananya Akan Dibuat Penangkaran Satwa Mini Oleh Pemerintah Daerah TTS (Timor Tengah Selatan), Yang Mana Hewan Yang Akan Di Koleksi Adalah Jenis Monyet Atau Kera, Burung Dan Juga Buaya. Suasana Alam Kota So'e Yang Beruda",Rp. 2000-3000
15,Tugu Pancasila Simpang Lima Atambua,Tugu,"-9.10430019855975, 124.89672176694788",Jl. Raya Atambua,Belu,"4,3",80,Merupakan tugu Pancasila yang terletak di simpang lima pusat kota atambua sebagai simbol dasar negara indonesia,Rp.0
16,Pantai Batu Nona Kupang,Pantai,"-10.13338181666206, 123.66106950078641","VM86+H9Q, Lasiana, Kec. Klp. Lima, Kota Kupang, Nusa Tenggara Tim.",Kota Kupang,"4,3",691,"Pantai ini menyuguhkan pemandangan indah dengan akses mudah, cocok untuk bersantai bersama keluarga atau teman.",Rp5.000
17,Pantai Nunsui,Pantai,"-10.135877114676616, 123.65755932463134","VM75+J23, Lasiana, Kec. Klp. Lima, Kota Kupang, Nusa Tenggara Tim.",Kota Kupang,"4,4",459,"Pantai Nunsui memiliki keindahan alami dengan akses gratis, cocok untuk melepas penat.",Rp. 0
18,Pantai Pasir Panjang,Pantai,"-10.150232652902032, 123.60248581900217","Pantai Pasir Panjang, Pasir Panjang, Kec. Kota Lama, Kota Kupang, Nusa Tenggara Tim.,",Kota Kupang,"4,3",674,"Pantai ini menawarkan panorama pantai luas dengan pasir putih, menjadi tempat favorit warga sekitar.",Rp5.000
19,Pantai Koepan,Pantai,"-10.161154081609508, 123.57667676696057","Jl. Ikan Tongkol, Lahilai Bissi Kopan, Kec. Kota Lama, Kota Kupang, Nusa Tenggara Tim.",Kota Kupang,"4,5",1215,"Berlokasi strategis di pusat kota Kupang, Pantai Koepan cocok untuk wisata singkat.",Rp5.000
20,Pantai Kepala Tinggi,Pantai,"-10.116482126789965, 123.69591564500973","VMMW+58F, Mata Air, Kec. Kupang Tengah, Kabupaten Kupang, Nusa Tenggara Tim.",Kupang,"4,5",106,"Dengan akses gratis, pantai ini memiliki panorama yang memukau dan suasana yang tenang.",Rp5.000
21,Pantai Nawen,Pantai,"-9.895327709493754, 123.59062985638624","3HWV+3JP, Poto, Kec. Fatuleu Bar., Kabupaten Kupang, Nusa Tenggara Tim.",Kupang,"4,8",12,Pantai Nawen menawarkan suasana alami dan cocok untuk kegiatan rekreasi sederhana.,Rp5.000
22,Pulau Kera,Pulau,"-10.099408135534334, 123.55008576501776",Pulau Kera,Kupang,"4,5",32,"Pulau Kera adalah destinasi wisata dengan keindahan laut biru dan pasir putih, cocok untuk wisata bahari.",Rp5.000
23,Air Terjun Oenesu,Air Terjun,"-10.265819505328631, 123.56620695346834","PHM8+HFV, Oenesu, Kec. Kupang Bar., Kabupaten Kupang, Nusa Tenggara Tim.",Kupang,4,118,"Air terjun alami dengan suasana sejuk, berada di Desa Oenesu. Tiket masuk murah dan buka 24 jam.",Rp2.000
24,Air Terjun Tesbatan,Air Terjun,"-10.23155971022559, 123.87836719326036","QV9H+885, Tesbatan, Kec. Amarasi, Kabupaten Kupang, Nusa Tenggara Tim.",Kupang,"4,1",46,"Air terjun eksotis di Desa Oenoni II, cocok untuk wisata keluarga dengan tiket masuk terjangkau.",Rp 2.000 - Rp 5.000
25,Taman Nostalgia,Taman,"-10.158977266632087, 123.61557973011271","RJR8+749, Unnamed Road, Oebufu, Oebobo, Kota Kupang, Nusa Tenggara Timur 85228",Kota Kupang,"4,4",935,Taman kota yang populer untuk olahraga dan rekreasi keluarga. Berlokasi di Jalan Frans Seda dan gratis tiket masuk.,Rp.0
26,Taman Rekreasi Gua Monyet,Taman,"-10.146870426906233, 123.61306368163307","RJX7+QM2, Jalan Doktor Samratulangi Raya, Klp. Lima, Kec. Klp. Lima, Kota Kupang, Nusa Tenggara Tim. 85228",Kota Kupang,4,289,"Tempat rekreasi dengan gua alami yang dihuni monyet liar, buka hingga sore hari dengan tiket masuk Rp2.000.",Rp.0
27,Pantai Ketapang Satu,Pantai,"-10.156448168563436, 123.58488029697428","RHVM+8X2, Jl. Sumatera, Todekisar, Kec. Kota Lama, Kota Kupang, Nusa Tenggara Tim.",Kota Kupang,"4,3",1212,"Pantai cantik di Kota Kupang dengan tiket masuk sangat murah, cocok untuk menikmati sunset.",Rp1.000
28,Gua Kristal,Gua,"-10.224169789459888, 123.5107457342375","Bolok, Kec. Kupang Bar., Kabupaten Kupang, Nusa Tenggara Tim.",Kupang,"4,4",952,"Gua dengan air sebening kristal di Bolok, buka 24 jam dan tiket masuk gratis.",Rp5.000
29,Cunca Wulang,Air Terjun,"-8.542930019491774, 119.99344201102366","FX3V+XH4, Pota Wangka, Kec. Boleng, Kabupaten Manggarai Barat, Nusa Tenggara Tim.",Manggarai Barat,"4,1",459,"Air terjun indah dengan tebing kapur di Manggarai Barat, tiket masuk Rp30.000 hingga Rp50.000.",Rp2.000
30,Wae Rebo,Desa Wisata,"-8.768689062823215, 120.28412192700846","Satar Lenda, Kec. Satar Mese Bar., Kabupaten Manggarai, Nusa Tenggara Tim.",Manggarai,"4,7",1053,"Desa adat dengan rumah tradisional kerucut di pegunungan, tiket masuk Rp225.000/orang.",Rp5.000
31,Pantai Merah ,Pantai,"-8.600633640622766, 119.5197934910972",pantai di Pulau Komodo,Manggarai Barat,"4,7",1555,"Pantai unik dengan pasir merah muda, akses mudah di Labuan Bajo.",50.000 - 75.000
32,Komodo National Park,Taman Nasional,"-8.52751440575534, 119.48328224907912",Pulau Komodo,Manggarai Barat,"4,6",5888,"Taman nasional ikonik yang menjadi habitat komodo, dengan tiket masuk mulai Rp300.000.",50.000 - 225.000 
33,Pulau Kanawa,Pulau,"-8.494274004783781, 119.75964285335688","Kanawah Island, Pasir Putih, Komodo, Kabupaten Manggarai Barat, Nusa Tenggara Timur",Manggarai Barat,"4,7",160,"Pulau kecil dengan pantai jernih dan pasir putih, cocok untuk snorkeling dengan tiket masuk mulai Rp10.000.",50.000 - 75.000
34,Pantai Nemberala,Pantai,"-10.88891443524643, 122.8227600037303","Nemberala, Kec. Rote Bar., Kabupaten Rote Ndao, Nusa Tenggara Tim.",Rote Ndao,"4,7",364,Pantai populer di Rote Ndao untuk berselancar dengan tiket masuk mulai Rp5.000.,Rp0
35,Batu Termanu,Batu Karang,"-10.674101554485874, 123.09525771104822","83GW+83H, Onotali, Kec. Rote Tengah, Kabupaten Rote Ndao, Nusa Tenggara Tim.",Rote Ndao,"4,7",159,"Formasi batu unik di Onatali, Rote Tengah, cocok untuk fotografi dan eksplorasi alam.",Rp0
36,Gunung Fateleu,Gunung,"-9.952592813954704, 123.86245465417733","2VW6+WXM, Oelbiteno, Kec. Fatuleu Tengah, Kabupaten Kupang, Nusa Tenggara Tim.",Kupang,"4,5",456,Gunung berapi yang menawarkan pemandangan alam yang indah dan menjadi tujuan pendakian bagi petualang.,Rp0
37,Walobo Hill,Bukit,"-8.834107881288551, 120.97969384355176","5X8H+8V4, Bomari, Bajawa, Kabupaten Ngada, Nusa Tenggara Tim.",Ngada,"4,6",109,"Bukit dengan pemandangan luas daerah Sumba, terkenal dengan padang rumput dan tanah tandus.",Rp0
38,Air Terjun Wae Nunung,Air Terjun,"-8.573564175010375, 120.55344410748019","8G8G+QFP, Unnamed Road,, Sano Lokom, Kec. Borong, Kabupaten Manggarai Timur, Nusa Tenggara Tim.",Manggarai Timur,"4,7",3,Air terjun di Manggarai yang terkenal dengan keindahan alam dan trekking.,Rp0
39,Goa Rangko,Goa,"-8.433603278955543, 119.96359445557266","Tj. Boleng, Kec. Boleng, Kabupaten Manggarai Barat, Nusa Tenggara Tim.",Manggarai Barat,"4,6",31,"Goa dengan kolam air asin, menawarkan pengalaman unik bagi pengunjung.",Rp20.000
40,Gunung Inerie,Gunung,"-8.877384238220614, 120.95439433410027","Kelitei, Kec. Inerie, Kabupaten Ngada, Nusa Tenggara Tim.",Ngada,"4,6",161,"Gunung berapi aktif yang populer untuk pendakian, dengan pemandangan memukau dari puncaknya.",Rp0
41,Weekuri Lagoon,Danau,"-9.490746869036663, 118.95981893811677","GX55+JW8, Desa, Kalena Rongo, Kec. Kodi Utara, Kabupaten Sumba Barat Daya, Nusa Tenggara Tim.",Sumba Barat Daya,"4,7",1454,"Laguna air asin dengan air biru yang jernih, cocok untuk berenang dan berfoto.",Rp10.000
42,Pulau Kalong,Pulau,"-8.61301677432982, 119.48611103405368","Komodo, Kec. Komodo, Kabupaten Manggarai Barat, Nusa Tenggara Tim.",Manggarai Barat,"4,9",94,"Pulau kecil yang dikenal dengan populasi kelelawar raksasa, menawarkan keindahan alam dan fenomena unik.",50.000 - 75.000
43,Bukit Wairinding,Bukit,"-9.67850108446067, 120.10182588207121","84C2+5G3, Makamenggit, Nggaha Oriangu, Kabupaten Sumba Timur, Nusa Tenggara Tim.",Sumba Timur,"4,8",135,"Bukit dengan pemandangan spektakuler, terutama saat matahari terbenam, di padang rumput yang luas.",Rp10.000
44,Danau Kalimutu,Danau,"-8.765389771244589, 121.81395205737066","Woloara, Kec. Kelimutu, Kabupaten Ende, Nusa Tenggara Tim.",Ende,"4,7",324,"Danau kawah dengan tiga warna air yang berubah, salah satu daya tarik utama di Flores.",5000 - 150.000
55,Pantai Nihi Watu,Pantai,"-9.771445109301611, 119.36850384976331","699F+GX7, Unnamed Road,, Hoba Wawi, Kec. Wanokaka, Kabupaten Sumba Barat, Nusa Tenggara Tim.",Sumba Barat,"4,4",155,"Pantai eksotis dengan pemandangan alam yang memukau, terkenal secara internasional.",Rp15.000
56,Batu Kodok Rendu,Wisata Alam,"-8.609036653786783, 121.24480240769148","96RV+7R9, Nggolo Mbay, Kec. Aesesa, Kabupaten Nagekeo, Nusa Tenggara Tim.",Nagekeo,"4,7",13,"Formasi batuan unik yang menyerupai kodok, dikelilingi oleh pemandangan indah.",Rp0
57,Kampung Adat Belaraghi,Desa Wisata,"-8.608976649819885, 121.24466080295221","Kampung Belaraghi, Keligejo, Kec. Aimere, Kabupaten Ngada, Nusa Tenggara Tim.",Ngada,"4,7",102,Perkampungan adat dengan tradisi dan budaya khas Flores yang masih terjaga.,Rp0
58,Taman Kartini-Bajawa,Taman,"-8.790441432556353, 120.97119357976628","6X5C+PFC, Tanalodu, Bajawa, Kabupaten Ngada, Nusa Tenggara Tim.",Ngada,"4,2",371,Taman rekreasi kota yang cocok untuk bersantai dan menikmati suasana Bajawa.,Rp0
59,Pantai Mauwellu,Pantai,"-8.890958001713114, 121.25245437976777","4752+GXC, Keli, Kec. Keo Tengah, Kabupaten Nagekeo, Nusa Tenggara Tim.",Nagekeo,3,4,"Pantai alami dengan pasir putih dan ombak yang tenang, cocok untuk berenang.",Rp0
60,Pantai Maropokot,Pantai,"-8.523774979286491, 121.3279280767826","Marapokot, Kec. Aesesa, Kabupaten Nagekeo, Nusa Tenggara Tim.",Nagekeo,"4,5",65,"Pantai dengan keindahan alam yang memikat, dikelilingi pohon kelapa.",Rp0
61,Pantai Nangadhero,Pantai,"-8.536872780813924, 121.3347350662753","F87M+5V, Nangadhero, Kec. Aesesa, Kabupaten Nagekeo, Nusa Tenggara Tim.",Nagekeo,"4,4",12,Pantai dengan pemandangan sunset yang indah dan suasana tenang.,Rp0
62,Pantai Nunur,Pantai,"-8.817201514951535, 120.41442335400026","Iteng,, Paka, Kec. Satar Mese, Kabupaten Manggarai, Nusa Tenggara Tim.",Manggarai,"4,5",4,Pantai tersembunyi dengan keindahan alam yang masih alami dan belum banyak dikunjungi.,Rp0
63,Pantai Panmuti,Pantai,"-10.107143032093688, 123.706614568822","Noelbaki, Kec. Kupang Tengah, Kabupaten Kupang, Nusa Tenggara Tim.",Kupang,"4,5",223,Pantai indah dengan pasir putih dan ombak yang cocok untuk berselancar.,Rp5.000
64,Pantai Otan,Pantai,"-10.170647614440613, 123.3867775951125","R9HP+JMV, Otan, Kec. Semau, Kabupaten Kupang, Nusa Tenggara Tim.",Kupang,"4,6",137,Pantai dengan perairan yang jernih dan pemandangan yang mempesona.,Rp5.000
65,Pantai Puru,Pantai,"-10.352652536671627, 123.68284783812551","Merbaun, Kec. Amarasi Bar., Kabupaten Kupang, Nusa Tenggara Tim.",Kupang,"4,3",235,Pantai dengan suasana tenang dan cocok untuk aktivitas memancing.,Rp0
66,Pantai Nanganessa,Pantai,"-8.83465513056899, 121.6827905074534","Nanganesa, Kec. Ndona, Kabupaten Ende, Nusa Tenggara Tim.",Ende,"4,3",12,"Pantai dengan keindahan alami, cocok untuk berlibur dan menikmati pemandangan laut.",Rp1.000
57,Pantai Mandorak,Pantai,"-9.497485073553673, 118.95466011887319","Kalena Rongo, Kec. Kodi Utara, Kabupaten Sumba Barat Daya, Nusa Tenggara Tim.",Sumba Barat Daya,"4,5",463,"Pantai Mandorak terletak di Sumba Barat Daya, terkenal dengan pasir putihnya yang halus dan air laut biru yang jernih. Pantai ini juga menjadi lokasi yang ideal untuk berselancar karena ombaknya yang besar.",Rp20.000
58,Pantai Marosi,Pantai,"-9.762047128962795, 119.31442382462647","68Q7+4QV, Jln. Marosi, Patiala Bawa, Kec. Lamboya, Kabupaten Sumba Barat, Nusa Tenggara Tim.",Sumba Barat,"4,6",91,"Pantai Marosi, juga berada di Sumba Barat, memiliki ombak yang sangat cocok untuk aktivitas selancar. Pantai ini juga menawarkan pemandangan alam yang eksotis dengan pasir putih dan laut biru yang memikat.",Rp0
59,Pantai Onanbalu,Pantai,"-10.224602545489457, 123.35139959394846","Q9G2+3H9, Desa Bokonusan, Pulau, Kec. Semau, Kabupaten Kupang, Nusa Tenggara Tim.",Kupang,"4,7",13,"Pantai Onanbalu terletak di Pulau Sumba. Keunikan pantai ini terletak pada air laut yang jernih dan batu karang yang indah di sekitarnya, menjadikannya tempat yang populer untuk snorkeling.",Rp0
60,Pantai Bukit Liman,Pantai,"-10.299985921113622, 123.30526621108483","M8X4+J2W, Uitiuhtuan, Kec. Semau Sel., Kabupaten Kupang, Nusa Tenggara Tim.",Kupang,"4,8",91,Pantai Bukit Liman terletak di Pulau Sumba dan dikenal dengan pemandangannya yang memukau dan ombak yang cocok untuk selancar. Bukit Liman juga menawarkan keindahan alam yang masih alami dan tenang.,Rp0
61,Pantai Sengari,Pantai,"-8.286744839513279, 120.44970321111627","Jalan pelabuhan Kedindi, Wangkung, Kec. Reok, Kabupaten Manggarai, Nusa Tenggara Tim.",Manggarai,"4,5",47,Pantai Sengari di Sumba Barat terkenal dengan suasana yang tenang dan indah. Lautnya yang tenang sangat cocok untuk kegiatan berenang atau sekadar menikmati pemandangan.,Rp0
62,Pantai Puru Kambera,Pantai,"-9.483495266947108, 120.13678027091045","G48P+GPM, Hamba Praing, Kec. Kanatang, Kabupaten Sumba Timur, Nusa Tenggara Tim.",Sumba Timur,"4,7",195,"Pantai Puru Kambera terletak di Sumba Timur, dengan pasir putih yang bersih dan air laut yang jernih. Pantai ini juga menjadi tempat yang ideal untuk menikmati matahari terbenam yang spektakuler.",Rp0
63,Pantai Ratenggaro,Pantai,"-9.62964847024536, 119.00274803811845","Umbu Ngedo, Kec. Kodi Bangedo, Kabupaten Sumba Barat Daya, Nusa Tenggara Tim.",Sumba Barat Daya,"4,5",253,"Pantai Ratenggaro adalah salah satu pantai terindah di Sumba Barat Daya. Pantai ini terkenal dengan keindahan alamnya yang masih alami, termasuk pasir putih, air laut biru, dan budaya lokal yang kental, dengan desa adat yang ada di sekitarnya.",Rp15.000
64,Pantai Pero,Pantai,"-9.607213750131402, 118.98534046695377","9XVP+349, Pero Batang, Kec. Kodi, Kabupaten Sumba Barat Daya, Nusa Tenggara Tim.",Sumba Barat Daya,"4,4",264,"Pantai Pero di Sumba Barat Daya dikenal dengan keindahan pantainya yang asri, pasir putih, serta ombak yang cocok untuk surfing. Di sekitar pantai juga terdapat pemandangan alam yang eksotis dan kehidupan laut yang beragam.",Rp15.000
65,Pantai Cincin,Pantai,"-8.808588647714224, 121.54195258043785","5GRR+FQQ, Raporendu, Nangapanda, Raporendu, Kec. Ende, Kabupaten Ende, Nusa Tenggara Tim.",Ende,"4,3",79,"Pantai Cincin adalah pantai yang terletak di Pulau Sumba dengan pasir putih dan air laut yang jernih. Nama ""Cincin"" diambil dari bentuk pantai yang menyerupai cincin, menciptakan pemandangan yang unik.",Rp0
66,Pantai Tempode,Pantai,"-8.295918176959253, 120.46697473810349","PF38+HQ5, Reo, Kec. Reok, Kabupaten Manggarai, Nusa Tenggara Tim.",Manggarai,"4,2",63,"Pantai Tempode terletak di Nusa Tenggara Timur dan dikenal dengan pasir putih dan laut yang jernih. Pantai ini cocok untuk wisata pantai yang tenang, serta menjadi tempat untuk menikmati keindahan alam bawah laut.",Rp5.000
67,Pantai Kelapa Tinggi,Pantai,"-10.116904597759824, 123.69576543812457","VMMW+58F, Mata Air, Kec. Kupang Tengah, Kabupaten Kupang, Nusa Tenggara Tim.",Kupang,"4,5",105,"Pantai Kelapa Tinggi terletak di Kabupaten Kupang. Dikenal dengan suasana yang tenang dan pemandangan laut yang memukau, pantai ini menjadi tempat yang ideal untuk bersantai dan menikmati keindahan alam sekitar.",Rp0
68,Pantai Kelapa Lima,Pantai,"-10.144204306561235, 123.61673211113782","VJ48+6MG, Klp. Lima, Kec. Klp. Lima, Kota Kupang, Nusa Tenggara Tim.",Kota Kupang,"4,5",460,Pantai Kelapa Lima di Kota Kupang terkenal dengan pasir putih dan air laut yang jernih. Tempat ini merupakan destinasi favorit warga lokal untuk menikmati sunset sambil menikmati angin laut yang segar.,Rp0
69,Pantai Napae,Pantai,"-10.495733651145311, 121.83652108045848","GR3P+JJP, Mebba, Kec. Sabu Bar., Kabupaten Sabu Raijua, Nusa Tenggara Tim.",Sabu Raijua,"4,3",135,"Pantai Napae terletak di Sumba Timur dan dikenal dengan air laut yang jernih dan pasir putih. Pantai ini relatif lebih sepi, membuatnya cocok untuk pengunjung yang mencari ketenangan.",Rp0
70,Pantai Kita,Pantai,"-9.31311427263944, 119.32982666993793","J7VW+4H6, Savu Sea, Karuni, Kec. Loura, Kabupaten Sumba Barat Daya, Nusa Tenggara Tim.",Sumba Barat Daya,"4,4",122,Pantai Kita di Kupang adalah pantai yang tenang dan cocok untuk kegiatan berenang. Pasir putih dan air laut yang bersih menjadikannya pilihan bagi keluarga yang ingin menikmati waktu bersama di pantai.,Rp0
71,Pantai paradiso,Pantai,"-10.140768587859748, 123.62652549394731","Klp. Lima, Kec. Klp. Lima, Kota Kupang, Nusa Tenggara Tim.",Kota Kupang,"4,3",369,"Pantai Paradiso adalah pantai dengan keindahan alam yang luar biasa, memiliki pasir putih dan air laut yang sangat jernih. Tempat ini menawarkan suasana yang sangat tenang dan cocok untuk bersantai serta berenang.",Rp0
72,Pantai Ketebe,Pantai,"-8.260855288516122, 120.41460165730332","Robek, Kec. Reok, Kabupaten Manggarai, Nusa Tenggara Tim.",Manggarai,"4,4",64,"Ketebe Beach terletak di daerah Reo, Kabupaten Manggarai. Pantai ini terkenal dengan suasana alami dan air laut yang sangat bersih. Keindahan alam sekitar menjadikan Ketebe Beach sebagai tempat yang populer untuk wisata alam.",Rp0
73,Pantai Iteng,Pantai,"-8.818722951231855, 120.4158739399575","5CJ8+C8G, Paka, Kec. Satar Mese, Kabupaten Manggarai, Nusa Tenggara Tim.",Manggarai,"4,5",11,"Pantai Iteng di Sumba dikenal dengan ombaknya yang cukup besar, menjadikannya lokasi yang populer bagi para peselancar. Selain itu, pantai ini juga memiliki pemandangan yang sangat memukau dengan air laut yang jernih.",Rp0
74,Pantai Oeseli,Pantai,"-10.913075639932595, 122.90296770382193","Oeseli, Kec. Rote Bar. Daya, Kabupaten Rote Ndao, Nusa Tenggara Tim.",Rote Ndao,"4,6",102,"Pantai Oeseli terletak di Kupang dan dikenal dengan pasir putih serta air laut yang jernih. Pantai ini memiliki suasana yang lebih sepi, menjadikannya pilihan ideal bagi wisatawan yang mencari kedamaian dan keindahan alam.",Rp3.000
75,Kampung Adat Yaro Wora,Desa Wisata,"-9.7329459,119.315","68XJ+PHG, Waru wora, Desa, Patiala Bawa, Kec. Lamboya, Kabupaten Sumba Barat, Nusa Tenggara Tim.",Sumba Barat,5,9,"Kampung adat Yaro Wora terletak di Desa Patiala Bawa Kecamatan Lamboya, Kabupaten Sumba Barat, NTT. Kampung adat ini sangat dekat dengan garis pantai selatan, mulai dari Pantai Palamoko, Pantai Kere We, Pantai Watu Bella, Pantai Marosi hingga Pantai Dasang. Juga terdapat Hutan Mangrove yang dekat dengan muara. Dalam perjalanannya, Desa Patiala terus dibangun menjadi desa yang memiliki banyak tawaran wisata, mulai dari wisata Kampung adat, wisata budaya, wisata bukit savana, wisata mangrove, wisata pantai, wisata kuliner, souvenir dan berbagai kegiatan tradisional masyarakat adat Patiala seperti bertanam, berternak, music tradisional, tarian tradisional, hingga permainan tradisional. selain itu, kita juga dapat merasakan sensasi olahraga air yaitu diving dan surfing di Pantai bagian selatan Pulau Sumba.",Rp0
76,Kampung Prai Ijing/tabera,Desa Wisata,"-9.6800079,119.3726512","9C5J+F73, Tebara, Kec. Kota Waikabubak, Kabupaten Sumba Barat, Nusa Tenggara Tim.",Sumba Barat,"4,7",408,"Desa Wisata Tebara terletak di Kecamatan Kota Waikabubak-Kabupaten Sumba Barat-Provinsi NTT. Seperti halnya desa desa lain di Pulau Sumba, Tebara memiliki beberapa kampung adat tradisional dengan budaya megalitikum nya. Kampung dengan rumah adat yang memiliki menara yang menjulang tinggi ke langit, khas adat Sumba. Kampung-kampung tersebut berdiri kokoh di atas perbukitan yang tinggi untuk menghindari serangan musuh di jaman dahulu.",Rp0