hotel_id,nama_hotel,jenis_hotel,alamat_hotel,kabupaten_kota,rating_hotel,jumlah_reviewer,harga_hotel
1,BANERA HOMESTAY,PONDOK WISATA,"Jl. TDN II No.4, Tuak Daun Merah, Kec. Oebobo, Kota Kupang, Nusa Tenggara Tim. 85228",Kota Kupang,"4,2",68,Rp120.804
2,Hotel Ina Boi,PENYEDIAAN AKOMODASI JANGKA PENDEK LAINNYA,"JL. H.O.S.Cokrominoto No.1, Klp. Lima, Kec. Klp. Lima, Kota Kupang, Nusa Tenggara Tim. 85238",Kota Kupang,"3,9",93,Rp144.000
3,GUEST HOUSE TUNAS DAUD,HOTEL MELATI,"Jl. Adi Sucipto, Oesapa, Kec. Klp. Lima, Kota Kupang, Nusa Tenggara Tim. 85228",Kota Kupang,4,64,Rp146.954
4,VANYAS HOTEL,HOTEL MELATI,"Jl. Jend. Soeharto No.55, Naikoten I, Kec. Kota Raja, Kota Kupang, Nusa Tenggara Tim. 85142",Kota Kupang,4,25,Rp180.000
5,HOTEL CAHAYA BAPA,HOTEL MELATI,"Jl. Herewila No.34, Naikoten II, Kec. Kota Raja, Kota Kupang, Nusa Tenggara Tim.",Kota Kupang,4,455,Rp120.000
6,ROSSEMI HOMESTAY,HOTEL MELATI,JL FLAMBOYAN,Kota Kupang,"4,2",26,Rp105.000
7,Hotel Maya,HOTEL MELATI,"Jl. Sumatera No.31, Todekisar, Kec. Kota Lama, Kota Kupang, Nusa Tenggara Tim.",Kota Kupang,"3,9",277,Rp130.000
8,DEWATA AYU INN,HOTEL MELATI,JL. SAM RATULANGI 5,Kota Kupang,"4,2",139,Rp140.000
9,GUEST HOUSE BIB LANG,HOTEL MELATI,JL. KAKATUA NO 21 KEL BONIPOI KEC KOTA LAMA,Kota Kupang,"4,5",82,Rp110.000
10,ROYAL HOTEL,HOTEL MELATI,"Jl. Terusan Timor Raya No.99, Oesapa Bar., Kec. Klp. Lima, Kota Kupang, Nusa Tenggara Tim. 85227",Kota Kupang,4,224,Rp170.000
11,Hotel Joniar,HOTEL MELATI,"Jl. Dua Lontar No.12, Kayu Putih, Kec. Oebobo, Kota Kupang, Nusa Tenggara Tim. 85228",Kota Kupang,"4,1",111,Rp275.000
12,WINSLOW HOTEL,HOTEL MELATI,"Jl. Terusan Timor Raya No.KM. 8, Oesapa, Kec. Klp. Lima, Kota Kupang, Nusa Tenggara Tim.",Kota Kupang,"4,1",55,Rp255.000
13,ROMITA HOTEL,HOTEL MELATI,"Jl. Bund. PU, Oebufu, Kec. Oebobo, Kota Kupang, Nusa Tenggara Tim. 85142",Kota Kupang,4,666,Rp245.000
14,GUEST HOUSE GAJAH DOMPAK,HOTEL MELATI,"Jl. Bougenvile No.18, Naikolan, Kec. Maulafa, Kota Kupang, Nusa Tenggara Tim. 85142",Kota Kupang,4,96,Rp210.000
15,Hotel Debitos,HOTEL MELATI,"Jl. Frans Seda, Fatululi, Kec. Oebobo, Kota Kupang, Nusa Tenggara Tim.",Kota Kupang,"4,2",397,Rp230.000
16,NIRWANA HOTEL,HOTEL MELATI,"Jl. Merpati, Bonipoi, Kec. Kota Lama, Kota Kupang, Nusa Tenggara Tim. 85221",Kota Kupang,4,97,Rp190.000
17,HOME STAY JAYA PITA GUEST HOUSE,PENYEDIAAN AKOMODASI JANGKA PENDEK LAINNYA,"Jl. Jupiter I, Oesapa Sel., Kec. Klp. Lima, Kota Kupang, Nusa Tenggara Tim. 85228",Kota Kupang,"4,1",230,Rp160.000
18,PANTAI TIMOR HOTEL,HOTEL MELATI,"Jl. Sumatera No.44, Todekisar, Kec. Kota Lama, Kota Kupang, Nusa Tenggara Tim. 85112",Kota Kupang,4,252,Rp200.000
19,PENGINAPAN SAKURA,HOTEL MELATI,"JLN YOHANIS KM 9, KEL OESAPA, KEC KELAPA LIMA",Kota Kupang,"4,1",33,Rp190.000
20,TII LANGGA HOTEL,HOTEL MELATI,"JL. Raya Timor Km. 9, Gang Yohanes, Kelapa Lima, Oesapa, Kec. Klp. Lima, Kota Kupang, Nusa Tenggara Tim. 85228",Kota Kupang,"4,1",91,Rp220.000
21,BELLA VITA HOTEL,HOTEL MELATI,"Jl. Moch Hatta No.36, Fontein, Kec. Kota Raja, Kota Kupang, Nusa Tenggara Tim.",Kota Kupang,"4,2",608,Rp255.000
22,GAJAH MADA HOTEL,HOTEL BINTANG DUA,"Jl. Gajah Mada No.70, Fontein, Kec. Kota Raja, Kota Kupang, Nusa Tenggara Tim. 85117",Kota Kupang,4,129,Rp395.000
23,BINTANG HOME STAY,PONDOK WISATA,"Jl. Sam Ratulangi I Jl. Bintang No.7, Klp. Lima, Kec. Klp. Lima, Kota Kupang, Nusa Tenggara Tim. 85228",Kota Kupang,4,220,Rp160.000
24,OLIVE HOTEL,HOTEL MELATI,"Jl. Dua Lontar No.04, Kayu Putih, Kec. Oebobo, Kota Kupang, Nusa Tenggara Tim. 85111",Kota Kupang,"3,9",228,Rp250.000
25,ELMYLIA HOTEL  LOUNGE,HOTEL MELATI,"Jl. Perintis Kemerdekaan I, Kayu Putih, Kec. Oebobo, Kota Kupang, Nusa Tenggara Tim. 85228",Kota Kupang,4,288,Rp275.000
26,GUEST HOUSE NARISA,PENYEDIAAN AKOMODASI JANGKA PENDEK LAINNYA,JALAN AMABI NO 77 RT 34 RW 07,Kota Kupang,"4,4",352,Rp150.000
27,SURYA KENCANA LOSMEN,HOTEL MELATI,JL. SOEKARNO NO.8,Kota Kupang,4,8,Rp200.000
28,MALIANA HOTEL,HOTEL MELATI,"Jl. Sumatera No.35, Todekisar, Kec. Kota Lama, Kota Kupang, Nusa Tenggara Tim.",Kota Kupang,"4,2",47,Rp240.000
29,MARINA HOTEL,HOTEL MELATI,"Jl. A. Yani, Merdeka, Kec. Kota Lama, Kota Kupang, Nusa Tenggara Tim.",Kota Kupang,"3,9",52,Rp220.000
30,KUPANG INDAH HOTEL HOLID BALADJAM,HOTEL MELATI,"Jl. Gn. Kelimutu No.27, Merdeka, Kec. Kota Lama, Kota Kupang, Nusa Tenggara Tim.",Kota Kupang,"3,9",15,Rp230.000
31,KELIMUTU HOTEL,HOTEL MELATI,"Jl. Gn. Kelimutu No.38, Merdeka, Kec. Kota Lama, Kota Kupang, Nusa Tenggara Tim. 85229",Kota Kupang,"3,7",75,Rp200.000
32,YOTOWAWA HOTEL/ BRENTON 2,HOTEL MELATI,"Jl. Farmasi, Liliba, Kec. Oebobo, Kota Kupang, Nusa Tenggara Tim.",Kota Kupang,"3,8",142,Rp190.000
33,LEDETADU HOTEL,HOTEL MELATI,"Jl. Matahari No.60, Oesapa Sel., Kec. Klp. Lima, Kota Kupang, Nusa Tenggara Tim. 85111",Kota Kupang,"4,1",1193,Rp215.000
34,KUPANG INN HOTEL,HOTEL MELATI,"Jl. Perintis Kemerdekaan I, Kayu Putih, Kec. Oebobo, Kota Kupang, Nusa Tenggara Tim. 85228",Kota Kupang,"4,2",39,Rp230.000
35,JOLLY HOTEL,HOTEL MELATI,"Jl. Suprapto No.22, Oebobo, Kec. Oebobo, Kota Kupang, Nusa Tenggara Tim. 85111",Kota Kupang,"4,1",55,Rp225.000
36,DEWATA HOTEL,HOTEL MELATI,"Jl. Tompello No.17, Oetete, Kec. Oebobo, Kota Kupang, Nusa Tenggara Tim.",Kota Kupang,"4,2",48,Rp220.000
37,GREENIA HOTEL,HOTEL MELATI,"Jalan Hati Mulia V, (Belakang Kantor PU Prov. NTT), Kel. Oebobo, Kota, Oebobo, Kec. Oebobo, Kota Kupang, Nusa Tenggara Tim.",Kota Kupang,"3,9",208,Rp240.000
38,CHARVITA HOTEL,HOTEL MELATI,"Jl. W.J. Lalamentik No. 30, Gg. Hati Murni, Oebobo, Kec. Oebobo, Kota Kupang, Nusa Tenggara Tim.",Kota Kupang,4,223,Rp200.000
39,DEWI INDAH HOTEL,HOTEL MELATI,JL. ANGGUR NO 3,Kota Kupang,4,100,Rp215.000
40,MUSTIKA FATULEU HOTEL,HOTEL MELATI,"Jl. Gn. Kelimutu, Merdeka, Kec. Kota Lama, Kota Kupang, Nusa Tenggara Tim.",Kota Kupang,"3,5",55,Rp210.000
41,RAHMAD HOTEL,HOTEL MELATI,JL SUNAN GUNUNG JATI NO 11 KEL SOLOR,Kota Kupang,"4,5",11,Rp135.000
42,CLARICHIE GUEST HOUSE,PENYEDIAAN AKOMODASI JANGKA PENDEK LAINNYA,"JL. FARMASI, GANG ANTAR NUSA",Kota Kupang,"3,8",187,Rp110.000
43,WISMA HARAPAN BAIK,HOTEL MELATI,JL TUNGGAL IKA,Kota Kupang,2,111,Rp130.000
44,Janica Homestay,PENYEDIAAN AKOMODASI JANGKA PENDEK LAINNYA,Jln. Hati Mulia VII/23,Kota Kupang,"4,5",37,Rp115.000
45,EVER GREEN HOME STAY,PONDOK WISATA,JL. SAPTA MARGA NO 10,Kota Kupang,"4,3",123,Rp120.000
46,LA HASIENDA HOTEL,HOTEL MELATI,JL ADI SUCIPTO PENFUI,Kota Kupang,"4,4",453,Rp150.000
47,FLAMBOYAN HOME STAY,PONDOK WISATA,JALAN ADISUCIPTO PENFUI KUPANG,Kota Kupang,"4,1",422,Rp125.000
48,LAVENDER HOTEL,HOTEL MELATI,JL. KIULEU NO 30 KEL LILIBA KEC OEBOBO,Kota Kupang,"3,8",160,Rp135.000
49,HOTEL CITRA,PENYEDIAAN AKOMODASI JANGKA PENDEK LAINNYA,JALAN HANS KAPITAN NO 128,Kota Kupang,4,59,Rp145.000
50,GJS Homestay,HOTEL MELATI,Jl Pemuda No 18,Kota Kupang,"4,3",177,Rp140.000
51,ASTITI HOTEL,HOTEL BINTANG DUA,JL JEND SUDIRMAN NO 166 KEL NUNLEU KEC KOTA RAJA,Kota Kupang,4,268,Rp240.000
52,ASTON KUPANG,HOTEL BINTANG EMPAT,JL. TIMOR RAYA NO 142,Kota Kupang,"4,8",11.546,"Rp 1,200,000"
53,CENDANA HOTEL,HOTEL BINTANG SATU,JL. ELTARI NO 23 RT 10 RW 04 KEL OEBOBO KEC OEBOBO,Kota Kupang,"3,8",476,Rp210.000
54,HOTEL AMARIS,HOTEL BINTANG DUA,JLN. FRANS LEBU RAYA NO 1,Kota Kupang,"4,1",2.436,Rp375.000
55,HOTEL FLOBAMOR CITY,HOTEL BINTANG SATU,JLN. JENDRAL SOEDIRMAN NO 21,Kota Kupang,"4,5",68,Rp180.000
56,HOTEL PELANGI,HOTEL BINTANG DUA,JLN. VETERAN FATULULI,Kota Kupang,4,696,Rp250.000
57,IMA HOTEL,HOTEL BINTANG TIGA,JL TIMOR RAYA OESAPA BARAT,Kota Kupang,4,238,Rp500.000
58,KRISTAL HOTEL,HOTEL BINTANG TIGA,"JL. TIMOR RAYA NO. 59 KEL. PASIR PANJANG KEC. KOTA LAMA, KAB. KUPANG, NTT",Kota Kupang,"4,3",3.689,Rp550.000
59,NAKA HOTEL,HOTEL BINTANG TIGA,JL. FRANS SEDA NO. 21,Kota Kupang,"4,3",1.509,Rp500.000
60,NEO ELTARI KUPANG HOTEL,HOTEL BINTANG TIGA,JL. PIET A TALLO KEL OESAPA KEC OESAPA,Kota Kupang,"4,6",5.410,Rp450.000
61,ON THE ROCK HOTEL,HOTEL BINTANG TIGA,JL. TIMOR RAYA KEL KELAPA LIMA,Kota Kupang,"4,3",2.783,Rp600.000
62,SAHID T-MORE HOTEL,HOTEL BINTANG TIGA,JLN. PIET A TALLO,Kota Kupang,"4,2",1.945,Rp550.000
63,SASANDO HOTEL,HOTEL BINTANG DUA,JLN. R. A. KARTINI NO 1,Kota Kupang,"4,4",205,Rp300.000
64,SOTIS HOTEL,HOTEL BINTANG EMPAT,JL TIMOR RAYA KM 3 NO 108,Kota Kupang,"4,5",2.967,Rp900.000
65,SWISS-BELCOURT KUPANG,HOTEL BINTANG DUA,JL. TIMOR RAYA,Kota Kupang,"4,8",2.105,Rp500.000
66,SYLVIA BUDGET HOTEL,HOTEL BINTANG DUA,JENDERAL SOEHARTO,Kota Kupang,"3,1",9,Rp300.000
67,SYLVIA PRIMER HOTEL,HOTEL BINTANG TIGA,JALAN JENDRAL SOEHARTO NO. 45-47,Kota Kupang,"4,3",2.374,Rp450.000
68,LIVERO HOTEL,HOTEL MELATI,JL. ELTARI 038823322,Timor Tengah Utara,"3,9",457,Rp250.000
69,VICTORY HOTEL,HOTEL MELATI,JALAN BASUKI RAHMAT 038831349,Timor Tengah Utara,"4,2",120,Rp250.000
70,VICTORY HOTEL 2,HOTEL MELATI,"Jalan Kartini, Kelurahan Kefamenanu Tengah",Timor Tengah Utara,"3,6",14,Rp200.000
71,LOSMEN KASIH,HOTEL MELATI,"JL. EL TARI RT 049/RE 006, 081286427945",Timor Tengah Utara,"3,6",44,Rp120.000
72,LITANI,HOTEL MELATI,"JL  EL TARI, 0388 2332528",Timor Tengah Utara,"3,9",94,Rp180.000
73,SETANGKAI HOTEL,HOTEL MELATI,"JL. SONBAI RT 30, 081392011497",Timor Tengah Utara,"4,1",18,Rp150.000
74,MARJON RESORT,HOTEL MELATI,JL. TRANS WINI,Timor Tengah Utara,"4,3",125,Rp250.000
75,GRAND ROYAL HOTEL,HOTEL MELATI,JL KARTINI,Timor Tengah Utara,"4,1",49,Rp300.000
76,ARIESTA HOTEL,HOTEL MELATI,"JL. BASUKI RAHMAD, NO 29 0388 31007",Timor Tengah Utara,"4,1",213,Rp350.000
77,FRAWIJAYA HOTEL,HOTEL MELATI,"JL. SONBAY NO. 15, 081337701416",Timor Tengah Utara,4,49,Rp250.000
78,COMFORT INN,HOTEL MELATI,JL KARTINI RT 20,Timor Tengah Utara,"4,4",114,Rp180.000
79,HOTEL DENA,HOTEL MELATI,HAYAM WURUK PASAR INPRES SOE,Timor Tengah Selatan,"4,2",433,Rp150.000
80,GAJAH MADA HOTEL,HOTEL MELATI,JL. GAJAH MADA SOE,Timor Tengah Selatan,4,129,Rp180.000
81,BAHAGIA II HOTEL,HOTEL MELATI,JL GAJAH MADA NO. 55,Timor Tengah Selatan,4,629,Rp200.000
82,TIMOR MEGAH,HOTEL MELATI,"JL GAJAH MADA, SOE",Timor Tengah Selatan,4,581,Rp180.000
83,SEJATI HOTEL,HOTEL MELATI,JL. GAJAH MADA NO.18,Timor Tengah Selatan,"3,7",92,Rp250.000
84,HOTEL JATI ASIH,HOTEL MELATI,JL. TIEN SOEHARTO SOE,Timor Tengah Selatan,"3,6",121,Rp150.000
85,HOTEL BLESSING,HOTEL MELATI,"MOLLO SELATAN, KASETNANA",Timor Tengah Selatan,"4,3",161,Rp250.000
86,HOTEL BAHAGIA I,HOTEL MELATI,DIPONEGORO NO 22,Timor Tengah Selatan,"4,2",94,Rp180.000
87,HOTEL CAHAYA TTS,HOTEL MELATI,KARTINI NO. 7,Timor Tengah Selatan,"4,5",2,Rp200.000
88,SANDLE WOOD HOTEL,HOTEL MELATI,JL. DI. PANJAITAN NO. 23,Sumba Timur,"4,6",1.121,Rp220.000
89,HOTEL JEMMY,HOTEL MELATI,"Jl Umbu Marahongu, Matawai, Sumba Timur, Matawai, Kec. Kota Waingapu, Waingapu, Nusa Tenggara Tim. 87111",Sumba Timur,"3,9",266,Rp350.000
90,PURNAMA KASIH HOMESTAY,PONDOK WISATA,"JALAN RAYA MELOLO, RAEKAPU",Sumba Timur,"4,2",29,Rp100.000
91,PADADITA BEACH HOTEL,HOTEL MELATI,"Â Jl. Airlangga Padadita, Prailiu",Sumba Timur,"4,4",1.547,Rp300.000
92,VILLA EDI,HOTEL MELATI,"PURU KAMBERA, DESA MONDU, KEC. KANATANG, SUMBA TIMUR",Sumba Timur,"4,4",383,Rp400.000
93,PONDOK WISATA ELIM,PONDOK WISATA,"Jl. Adi Sucipto No.1, Mau Hau, Kec. Kambera, Kabupaten Sumba Timur, Nusa Tenggara Tim. 87116",Sumba Timur,"4,4",76,Rp150.000
94,WISMA ELDORADO,HOTEL MELATI,"Jl. Matawai Amahu No.23, Kambajawa, Kec. Kota Waingapu, Kabupaten Sumba Timur",Sumba Timur,"3,9",71,Rp200.000
95,HOTEL TANTO,HOTEL MELATI,"Jl. Prof. Dr. W. Z. Yohanes No. 14, Waingapu, Prailiu, Kec. Kambera, Kabupaten Sumba Timur",Sumba Timur,"4,2",839,Rp250.000
96,ELVIN HOTEL,HOTEL MELATI,"Jl. Ahmad Yani No.73, Kamalaputi, Kec. Kota Waingapu, Kabupaten Sumba Timur",Sumba Timur,"3,9",491,Rp250.000
97,UNICORN HOTEL,HOTEL MELATI,"Matawai, Kec. Kota Waingapu, Kabupaten Sumba Timur",Sumba Timur,"4,2",73,Rp180.000
98,AMUYA HOMESTAY,PENGINAPAN REMAJA,"Jl. Beringin No.No.12, Wangga, Kec. Kambera, Kabupaten Sumba Timur",Sumba Timur,"4,7",57,Rp120.000
99,MORINDA VILA RESTO,APARTEMEN HOTEL,"Desa Kiritana, Kec. Kambera, Kabupaten Sumba Timur, Nusa Tenggara Tim. 87111",Sumba Timur,"4,6",361,Rp200.000
100,WISMA SOLAPORA,PENYEDIAAN AKOMODASI JANGKA PENDEK LAINNYA,JL UMBU RAMU SAMAPTY,Sumba Tengah,"3,5",59,Rp150.000
101,HOTEL PELITA,HOTEL MELATI,"JL. A. YANI NO.2 KELURAHAN KOMERDA, KOTA WAIKABUBAK, KABUPATEN SUMBA BARAT, NUSA TENGGARA TIM.",Sumba Barat,4,185,Rp200.000
102,HOTEL ALOHA,HOTEL MELATI,"JL. SUDIRMAN NO. 25 KELURAHAN KP. SAWAH, KOTA WAIKABUBAK, KABUPATEN SUMBA BARAT, NUSA TENGGARA TIMUR",Sumba Barat,3,117,Rp180.000
103,HOTEL KARANU,HOTEL MELATI,"JALAN SUDIRMAN NO 43, KAMPUNG SAWAH, WAIKABUBAK, KOTA WAIKABUBAK, SUMBA BARAT, NUSA TENGGARA TIMUR,",Sumba Barat,"3,3",43,Rp250.000
104,HOTEL ARTHA,HOTEL MELATI,"JL. VETERAN NO. 11  KP. SAWAH, KOTA WAIKABUBAK, KABUPATEN SUMBA BARAT, NUSA TENGGARA TIMUR",Sumba Barat,"4,1",92,Rp220.000
105,HOTEL RONITA,HOTEL MELATI,"JL. BASUKI RAHMAD NO. 14 KELURAHAN KP. SAWAH, KOTA WAIKABUBAK, KABUPATEN SUMBA BARAT, NUSA TENGGARA TIM.",Sumba Barat,"3,6",77,Rp200.000
106,HOTEL MONALISA,HOTEL MELATI,"JL. ADHIYAKSA NO.30, PADA EWETA, KOTA WAIKABUBAK, KABUPATEN SUMBA BARAT, NUSA TENGGARA TIMUR",Sumba Barat,"4,3",487,Rp250.000
107,RUA BEACH RESORT SUMBA,PONDOK WISATA,Jl. Pantai Rua No.1 Desa Rua Kec. Wanokaka Sumba Barat  Indonesia,Sumba Barat,"4,4",350,Rp300.000
108,HOTEL MANANDANG,HOTEL MELATI,"JL. PEMUDA NO. 4 KELURAHAN KP. SAWAH, KOTA WAIKABUBAK, KABUPATEN SUMBA BARAT, NUSA TENGGARA TIMUR",Sumba Barat,4,503,Rp180.000
109,JHONY HOMESTAY,PONDOK WISATA,PANTAI WAIHURA,Sumba Barat,"4,8",6,Rp150.000
110,SUMBA SUNSET HOMESTAY,PONDOK WISATA,"JL. KEREWE LAMBOYA, PATIALA BAWA, LAMBOYA, PATIALA BAWA, LAMBOYA, KABUPATEN SUMBA BARAT, NUSA TENGGARA TIMUR",Sumba Barat,"4,6",66,Rp180.000
111,SUMBA SURF CAMP,PONDOK WISATA,"PATIALA BAWA, LAMBOYA, KABUPATEN SUMBA BARAT, NUSA TENGGARA TIMUR. 87214",Sumba Barat,"4,7",113,Rp250.000
112,MUSA HOMESTAY,PONDOK WISATA,PANTAI KEREWE,Sumba Barat,"4,5",10,Rp150.000
113,SUTOMO HOMESTAY,PONDOK WISATA,"PADA EWETA, KOTA WAIKABUBAK, KABUPATEN SUMBA BARAT, NUSA TENGGARA TIMUR",Sumba Barat,"4,6",11,Rp180.000
114,SUMBA BEACH HOUSE AND BAR,APARTEMEN HOTEL,"Jl. Pantai Kerewei, Desa Patiala Bawa, Lamboya, Kabupaten Sumba Barat",Sumba Barat,"4,6",54,Rp400.000
115,TANA KATTO HOMESTAY,PONDOK WISATA,"Jl. Ahmad Yani No. 107, Maliti, Wailiang, Kota Waikabubak, Kabupaten Sumba Barat",Sumba Barat,"3,8",5,Rp160.000
116,ALAMAYAH,HOTEL BINTANG SATU,"JL. PANTAI KEREWEI, DESA PATIALA BAWA, LAMBOYA, KABUPATEN SUMBA BARAT",Sumba Barat,"4,9",231,Rp250.000
117,LELEWATU RESORT SUMBA,HOTEL BINTANG LIMA,"JALAN LELEWATU NO 168, WANOKAKA, SUMBA BARAT. NUSA TENGGARA TIMUR",Sumba Barat,"4,5",218,"Rp 2,500,000"
118,MORIKA INN AND CAFE,HOTEL BINTANG DUA,JL WEEKAROU,Sumba Barat,"4,2",180,Rp200.000
119,NIHI SUMBA,HOTEL BINTANG LIMA,"HOBA WAWI, WANOKAKA, KABUPATEN SUMBA BARAT",Sumba Barat,"4,5",708,Rp33.651.573
120,SUMBA NAUTIL RESORT,HOTEL BINTANG SATU,"TARAKATUKU, DESA PATIALA BAWA, KACAMATAN LAMBOYA, HARONA KALA,",Sumba Barat,"4,5",33,Rp250.000
121,HOMESTAY MELATI,PENYEDIAAN AKOMODASI JANGKA PENDEK LAINNYA,JL. SAPURATA WAITABULA,Sumba Barat Daya,4,154,Rp150.000
122,MARIO HOTEL  CAFE,HOTEL MELATI,"JL. MANANGA AB NO 1 , LOURA",Sumba Barat Daya,"4,4",298,Rp180.000
123,HOTEL SUMBA SEJAHTERA,HOTEL MELATI,"JL. JENDRAL SUDIRMAN, DESA KAELA WANO, KOTA TAMBOLAKA",Sumba Barat Daya,"3,9",498,Rp200.000
124,HOTEL SINAR TAMBOLAKA,HOTEL MELATI,DESA KALENA WANNO-TAMBOLAKA-SBD,Sumba Barat Daya,"4,1",1.188,Rp180.000
125,HOTEL ELLA,HOTEL MELATI,"JL. JENDRAL SUDIRMAN, TAMBOLAKA",Sumba Barat Daya,"4,1",380,Rp220.000
126,MARINGI ECORESORT SUMBA HOSPITALITY FOUNDATION,HOTEL MELATI,JALAN MANANGABA,Sumba Barat Daya,"4,8",44,Rp250.000
127,HOMESTAY ADA MEMANG,PONDOK WISATA,DESA WAIKANINYO,Sumba Barat Daya,"4,6",128,Rp150.000
128,NEWA SUMBA RESORT,HOTEL MELATI,JALAN NEWA DS. PAYOLA UMBU KEC.LOURA,Sumba Barat Daya,"4,1",57,Rp200.000
129,VILLA REDEMTORIST,APARTEMEN HOTEL,"JALAN MASJID LAMA WAIKELO, DESA RADAMATA",Sumba Barat Daya,"4,1",168,Rp300.000
130,WAIRHUBING BEACH ,PONDOK WISATA,"Watuliwung, Kangae",Sikka,"4,1",85,Rp150.000
131,PAGA BEACH HOTEL,PONDOK WISATA,"Lowolabo, Paga",Sikka,"4,7",11,Rp180.000
132,SUNSET COTTAGES,PONDOK WISATA,"AHU WAIR, DS NANGATOBONG",Sikka,"4,2",49,Rp200.000
133,HOTEL PERMATASARI,HOTEL MELATI,"Jl Jenderal Sudirman, Waioti, Alok Timur",Sikka,"3,6",101,Rp220.000
134,ST. CAMILLUS SOCIAL CENTER,PENYEDIAAN AKOMODASI JANGKA PENDEK LAINNYA,"Madawat, Alok Barat",Sikka,5,1,Rp150.000
135,PENGINAPAN TANJUNG MAS,HOTEL MELATI,JLN DON PCX DA SILVA,Sikka,"4,2",36,Rp180.000
136,GO HOTEL MAUMERE,HOTEL MELATI,"Jl Don Thomas, Kota Baru",Sikka,"4,4",450,Rp200.000
137,HOTEL MERLIN,HOTEL MELATI,"Jl Gaja Mada, Madawat",Sikka,"4,2",161,Rp150.000
138,LENA HOUSE,PONDOK WISATA,"JLN MAUMERE - LARANTUKA KM 28, WODONG I, WAIRTERANG, WAIGETE",Sikka,"4,1",78,Rp180.000
139,HOTEL GARDENA,HOTEL MELATI,"jl Patirangga, Beru, Alok Timur",Sikka,"3,9",49,Rp220.000
140,COCONUT GARDEN BEACH RESORT,PONDOK WISATA,"Jl Nasional Maumere, Wairbleler",Sikka,"4,5",592,Rp300.000
141,HOTEL BINONGKO JAYA,HOTEL MELATI,"Jl Sultan Hasanudin, Beru, Alok Timur",Sikka,"3,7",146,Rp180.000
142,BUDI SUN RESORT,PONDOK WISATA,JL. NAIROA KM 16 WAIRITA - MAUMERE,Sikka,"4,2",217,Rp200.000
143,NUSRA,HOTEL MELATI,JL. LINGKAR LUAR,Sikka,"3,9",233,Rp150.000
144,SINAR KABOR HOTEL,HOTEL MELATI,JL. HEET WOLOKOLI NO. 1,Sikka,"4,1",81,Rp180.000
145,WINI RAI I HOTEL,HOTEL MELATI,"Jl. Dokter Soetomo No. 7, Beru, Alok, Sika, Kota Baru, Kec. Alok Tim., Kabupaten Sikka, Nusa Tenggara Tim. 86111",Sikka,"2,6",12,Rp200.000
146,LARESKA HOTEL,HOTEL MELATI,"JL MGR Sugiopranoto, No. 4, Beru, Alok, Kabor, Kec. Alok, Kabupaten Sikka, Nusa Tenggara Tim. 86111",Sikka,"3,8",86,Rp180.000
147,HOTEL LOKARIA INDAH BEACH,HOTEL MELATI,"JL MAUMERE-LARANTUKA RT 001/RW 004, DUSUN WAIRHABI",Sikka,4,137,Rp200.000
148,SOLIS,HOTEL MELATI,JL.TEKA IKU KEL. WAIOTI KEC. ALOK TIMUR,Sikka,"3,7",3,Rp180.000
149,NOGO BEACH,HOTEL MELATI,"Jl. Raya Maumere - Magepanda, Wuring, Kec. Alok Bar., Kabupaten Sikka, Nusa Tenggara Tim.",Sikka,"4,7",6,Rp220.000
150,Gading Beach,HOTEL MELATI,"Jl. Raya Maumere - Magepanda, Hewuli, Kec. Alok Bar., Kabupaten Sikka, Nusa Tenggara Tim.",Sikka,"4,4",8,Rp200.000
151,PONDOK WAIOTI AYU,HOTEL MELATI,"Jl. Sudirman, Waioti, Kec. Alok Tim., Kabupaten Sikka, Nusa Tenggara Tim.",Sikka,"3,5",59,Rp150.000
152,CAPA RESORT HOTEL,HOTEL BINTANG TIGA,"JL. NAIROA, WAIPARE, KANGAE",Sikka,"4,4",1048,Rp250.000
153,SYLVIA HOTEL,HOTEL BINTANG TIGA,"Jl. Gajah Mada No.88, Madawat, Kec. Alok, Kabupaten Sikka, Nusa Tenggara Tim.",Sikka,"4,1",1026,Rp300.000
154,PENGINAPAN ZHUZHI,HOTEL MELATI,"Mebba, Kec. Sabu Bar., Kabupaten Sabu Raijua, Nusa Tenggara Tim.",Sabu Raijua,4,34,Rp180.000
155,Manna Home Stay,HOTEL MELATI,"Jl. Simpang Tiga Tenihawu, Mebba, Kec. Sabu Bar., Kabupaten Sabu Raijua, Nusa Tenggara Tim.",Sabu Raijua,"4,1",159,Rp150.000
156,UTOPIA RESORT,HOTEL MELATI,"Sedeoen, Kec. Rote Bar., Kabupaten Rote Ndao, Nusa Tenggara Tim.",Rote Ndao,"4,8",44,Rp200.000
157,ROTE ISLAND LODGE,APARTEMEN HOTEL,"Jalan Dela, Tunggaoen Nemberala, Boa, Kec. Rote Bar., Kabupaten Rote Ndao, Nusa Tenggara Tim. 85982",Rote Ndao,5,5,Rp350.000
158,BELLA REEF HOTEL,HOTEL MELATI,"jln baa, Nemberala beach desa nemberala kecamatan rote ndao, nemberala, Nemberala, Kec. Rote Bar., Rote, Nusa Tenggara Tim.",Rote Ndao,"4,7",23,Rp250.000
159,TIROSA HOTEL,HOTEL MELATI,"Nemberala, Kec. Rote Bar., Kabupaten Rote Ndao, Nusa Tenggara Tim.",Rote Ndao,"3,3",29,Rp180.000
160,VIDESY HOTEL,HOTEL MELATI,"Mokdale, Kec. Lobalain, Kabupaten Rote Ndao, Nusa Tenggara Tim.",Rote Ndao,"4,1",240,Rp150.000
161,ELSHADAY,HOTEL MELATI,"Jalan Lekunik Nusaklain, Ba'a, Kec. Lobalain, Kabupaten Rote Ndao, Nusa Tenggara Tim.",Rote Ndao,"4,2",12,Rp180.000
162,LUA LEMBA,HOTEL MELATI,"Lualemba Bungalow Resort, Nemberala, Kec. Rote Bar., Kabupaten Rote Ndao, Nusa Tenggara Tim. 85982",Rote Ndao,"4,6",25,Rp220.000
163,TLAND HOTEL,HOTEL MELATI,"Rote, Nemberala, Kec. Rote Bar., Kabupaten Rote Ndao, Nusa Tenggara Tim. 00001",Rote Ndao,"4,7",135,Rp180.000
164,TALENTA MAS,HOTEL MELATI,NEMBRALLA RT 01/RW 01,Rote Ndao,"4,2",6,Rp200.000
165,ANUGERAH SURF AND DIVE HOTEL,HOTEL MELATI,"Jl. Nemberala, Nemberala, Kec. Rote Bar., Kabupaten Rote Ndao, Nusa Tenggara Tim.",Rote Ndao,"4,6",154,Rp250.000
166,GRACE HOTEL,HOTEL MELATI,"Metina, Kec. Lobalain, Kabupaten Rote Ndao, Nusa Tenggara Tim.",Rote Ndao,"3,9",103,Rp200.000
167,NARWASTU HOME STAY,PONDOK WISATA,"Jl. Baa Busalangga, Sanggaoen, Kec. Lobalain, Kabupaten Rote Ndao, Nusa Tenggara Tim. 85918",Rote Ndao,"4,2",40,Rp150.000
168,WELL HOME STAY,PONDOK WISATA,"Mokdale, Kec. Lobalain, Kabupaten Rote Ndao, Nusa Tenggara Tim.",Rote Ndao,"4,2",121,Rp150.000
169,HOTEL RICKY,HOTEL MELATI,"Onotali, Rote Tengah, Kabupaten Rote Ndao, Nusa Tenggara Tim",Rote Ndao,"3,7",564,Rp180.000
170,FREASH,HOTEL MELATI,"Metina, Kec. Lobalain, Kabupaten Rote Ndao, Nusa Tenggara Tim.",Rote Ndao,"4,1",170,Rp180.000
171,HOTEL FOURI,HOTEL MELATI,"Jl. Ba'a Pantai Baru, Metina, Kec. Lobalain, Kabupaten Rote Ndao, Nusa Tenggara Tim.",Rote Ndao,"4,2",73,Rp200.000
172,MALOLE HOTEL,HOTEL MELATI,"Nemberala, Kec. Rote Bar., Kabupaten Rote Ndao, Nusa Tenggara Tim.",Rote Ndao,"4,8",35,Rp220.000
173,SEED RESORT,HOTEL MELATI,"RT 008 / RW 004, Desa Oenggaut, Kec. Rote Barat, Kab. Rote Ndao, Oenggaut Rote Barat, Oenggaut, Rote Barat, Oenggaut, Rote Barat, Nemberala, East Nusa Tenggara 85982",Rote Ndao,"4,5",219,Rp250.000
174,OVABALUK BUNGALOWS,HOTEL MELATI,"Nemberala, Kec. Rote Bar., Kabupaten Rote Ndao, Nusa Tenggara Tim.",Rote Ndao,"4,1",40,Rp200.000
175,VILLA SANTAI,APARTEMEN HOTEL,"Jl. Baa Busalangga No.31, Nemberala, Kec. Rote Bar., Kabupaten Rote Ndao, Nusa Tenggara Tim. 85971",Rote Ndao,5,60,Rp300.000
176,BOA VIDA,APARTEMEN HOTEL,"Jalan Lellendo 2, Boa, Kec. Rote Bar., Kabupaten Rote Ndao, Nusa Tenggara Tim. 85982",Rote Ndao,"4,8",76,Rp350.000
177,KAMPUNG KAKAK,APARTEMEN HOTEL,"Jalan Desa, Sedeoen, Kec. Rote Bar., Nembrala Rote, Nusa Tenggara Tim.",Rote Ndao,"4,1",20,Rp220.000
178,VILLA SEDEOEN,APARTEMEN HOTEL,"Rt. 003/Rw. 003 Desa Sedeoen, Nemberala, Kec. Rote Bar., Nusa Tenggara Tim.",Rote Ndao,"4,6",28,Rp250.000
179,NEMBERALA BEACH RESORT,HOTEL MELATI,"Beach Resort, Nemberala, Kec. Rote Bar., Kabupaten Rote Ndao, Nusa Tenggara Tim.",Rote Ndao,"4,7",115,Rp300.000
180,BAJAWA ROO HOTEL,HOTEL MELATI,"Jln. Rogangole, RT Ngali, Kecamatan Bajawa-Flores, Trikora, Bajawa, Nusa Tenggara Tim. 86411",Ngada,"4,3",230,Rp150.000
181,Riyani Homestay,PONDOK WISATA,"Piga, Kec. Soa, Kabupaten Ngada, Nusa Tenggara Tim.",Ngada,"4,9",23,Rp150.000
182,Hotel Sinar Harapan,HOTEL MELATI,Jln. Aimere-ruteng,Ngada,"3,9",8,Rp200.000
183,HOTEL NUSANTARA I,HOTEL MELATI,"Trikora, Bajawa, Kabupaten Ngada, Nusa Tenggara Tim.",Ngada,"3,8",58,Rp180.000
184,HOTEL ELISABETH,HOTEL MELATI,"Tanalodu, Bajawa, Kabupaten Ngada, Nusa Tenggara Tim.",Ngada,"3,9",48,Rp220.000
185,HOTEL KORINA,HOTEL MELATI,"Jl. Ahmad Yani No.81, Tanalodu, Bajawa, Kabupaten Ngada, Nusa Tenggara Tim. 86412",Ngada,"3,8",91,Rp250.000
186,HOTEL BINTANG WISATA,HOTEL MELATI,"JL. Palapa, No. 4, Bajawa, Ngada Bawa, Ngedukelu, Bajawa, Kabupaten Ngada, Nusa Tenggara Tim. 86413",Ngada,"3,3",88,Rp180.000
187,HOTEL JHONY,HOTEL MELATI,"Jl. Gajah Mada, Ngedukelu, Bajawa, Kabupaten Ngada, Nusa Tenggara Tim.",Ngada,"3,7",102,Rp190.000
188,NUSANTARA II HOTEL,HOTEL MELATI,JL SUGIO PRANOTO,Ngada,"3,8",106,Rp210.000
189,VIRGO HOTEL,HOTEL MELATI,"Jalan D. I. Panjaitan, Trikora, Bajawa, Ngada Regency, East Nusa Tenggara 86411",Ngada,4,239,Rp200.000
190,Sangrila Mentos Riung,HOTEL MELATI,"Benteng Tengah, Kec. Riung, Kabupaten Ngada, Nusa Tenggara Tim.",Ngada,"4,8",118,Rp150.000
191,NIRVANA BUNGALOW,PENYEDIAAN AKOMODASI JANGKA PENDEK LAINNYA,"Nirvana Road, Nangamese, Kec. Riung, Kabupaten Ngada, Nusa Tenggara Tim.",Ngada,"4,5",167,Rp200.000
192,Villa Gemo Cottage,HOTEL MELATI,"Jl. Raya Lintas Flores, Aimere, Kec. Aimere, Kabupaten Ngada, Nusa Tenggara Tim. 86452",Ngada,"4,5",64,Rp220.000
193,Penginapan Bata bahari,HOTEL MELATI,Trans aimere ruteng,Ngada,"3,7",43,Rp180.000
194,SANIAN HOTEL,HOTEL MELATI,"Jl. Mayjend D.I. Panjaitan, Ngedukelu, Bajawa, Kabupaten Ngada, Nusa Tenggara Tim.",Ngada,"4,1",230,Rp200.000
195,HOTEL FLORIDA,HOTEL MELATI," Benteng Tengah, Kec. Riung, Kabupaten Ngada, Nusa Tenggara Tim.",Ngada,"3,6",13,Rp170.000
196,SILVERIN VILLA,HOTEL MELATI,"Jl. Trans Flores Bajawa-Ende Km. 04, Bajawa, Kabupaten Ngada, Nusa Tenggara Tim. 86411",Ngada,4,122,Rp180.000
197,HOTEL ANGGREK,HOTEL MELATI,"MT. Haryono No.09, Trikora, Bajawa, Kabupaten Ngada, Nusa Tenggara Tim. 86414",Ngada,"3,8",70,Rp200.000
198,EDELWEIS HOTEL,HOTEL MELATI,"Jl. Ahmad Yani No.76, Tanalodu, Bajawa, Kabupaten Ngada, Nusa Tenggara Tim. 86412",Ngada,"3,6",329,Rp220.000
199,HOTEL EDELWEIS II,HOTEL MELATI,"Jl. Sriwijaya, Tanalodu, Bajawa, Kabupaten Ngada, Nusa Tenggara Tim.",Ngada,"3,9",87,Rp210.000
200,NEW BINTANG HOTEL,HOTEL MELATI," bokua,bajawa,kabupaten ngada, Bajawa, bajawa, Nusa Tenggara Tim. 86431",Ngada,"3,9",93,Rp180.000
201,HOTEL KEMBANG,HOTEL MELATI,JL. R.E. MARTADINATA,Ngada,"4,2",59,Rp180.000
202,NUSA BUNGA WISMA,HOTEL MELATI,"Natanage, Kec. Boawae, Kabupaten Nagekeo, Nusa Tenggara Tim",Nagekeo,"4,6",47,Rp150.000
203,WISMA MAHA BARATA,HOTEL MELATI,"Natanage, Kec. Boawae, Kabupaten Nagekeo, Nusa Tenggara Tim.",Nagekeo,"4,6",10,Rp170.000
204,SINAR KASIH HOTEL,HOTEL MELATI,"Danga, Kec. Aesesa, Kabupaten Nagekeo, Nusa Tenggara Tim.",Nagekeo,"3,7",166,Rp180.000
205,PEPITA HOTEL,HOTEL MELATI,"Jl. WY Lalamentik, RW.Lingk. Watukesu, Danga, Kec. Aesesa, Kabupaten Nagekeo, Nusa Tenggara Tim",Nagekeo,"4,3",389,Rp200.000
206,STELLA SASANDY HOTEL,HOTEL MELATI,"Jl. Moh. Hatta, Danga, Kec. Aesesa, Kabupaten Nagekeo, Nusa Tenggara Tim.",Nagekeo,"4,1",11,Rp220.000
207,SAMUDRA HOTEL,HOTEL MELATI,"Danga, Kec. Aesesa, Kabupaten Nagekeo, Nusa Tenggara Tim.",Nagekeo,"3,6",34,Rp180.000
208,ANION MBAY WISMA,HOTEL MELATI,"Danga, Kec. Aesesa, Kabupaten Nagekeo, Nusa Tenggara Tim.",Nagekeo,"3,8",13,Rp170.000
209,PENGINAPAN SKY TERAS,HOTEL MELATI,"Jl. Hayam Wuruk, Pitak, Kec. Langke Rembong, Kabupaten Manggarai, Nusa Tenggara Tim.",Manggarai,"4,2",438,Rp200.000
210,IFFAH HOME STAY,PENYEDIAAN AKOMODASI JANGKA PENDEK LAINNYA,"Mata Air, Kec. Reok, Kabupaten Manggarai, Nusa Tenggara Tim.",Manggarai,"4,7",28,Rp120.000
211,PARADISO,PENYEDIAAN AKOMODASI JANGKA PENDEK LAINNYA,"Mata Air, Kec. Reok, Kabupaten Manggarai, Nusa Tenggara Tim.",Manggarai,"4,2",34,Rp120.000
212,BUNGA HOTEL,HOTEL MELATI,"Jl. Diponegoro, Watu, Kec. Langke Rembong, Kabupaten Manggarai, Nusa Tenggara Tim.",Manggarai,"4,1",33,Rp180.000
213,RIMA HOTEL,HOTEL MELATI,"Tenda, Kec. Langke Rembong, Kabupaten Manggarai, Nusa Tenggara Tim.",Manggarai,"3,8",291,Rp170.000
214,AGUNG II HOTEL,HOTEL MELATI,"JL. Motang Rua No.10, Lawir, Kec. Langke Rembong, Kabupaten Manggarai, Nusa Tenggara Tim. 86511",Manggarai,4,13,Rp190.000
215,RANAKA HOTEL,PENYEDIAAN AKOMODASI JANGKA PENDEK LAINNYA,"Jl. Yos Sudarso, Mbaumuku, Kec. Langke Rembong, Kabupaten Manggarai, Nusa Tenggara Tim. 86511",Manggarai,"3,6",168,Rp150.000
216,SINDHA HOTEL,PENYEDIAAN AKOMODASI JANGKA PENDEK LAINNYA,"Jl. Yos Sudarso No.24-26, Mbaumuku, Kec. Langke Rembong, Kabupaten Manggarai, Nusa Tenggara Tim. 86511",Manggarai,"4,1",479,Rp180.000
217,KARYA HOTEL,HOTEL MELATI,"Jl. Montang Rua No.30, Mbaumuku, Kec. Langke Rembong, Kabupaten Manggarai, Nusa Tenggara Tim.",Manggarai,"4,3",16,Rp190.000
218,MANGGARAI HOTEL,HOTEL MELATI," Mbaumuku, Kec. Langke Rembong, Kabupaten Manggarai, Nusa Tenggara Tim.",Manggarai,"3,7",19,Rp200.000
219,FX 72 HOTEL,HOTEL MELATI,"Wali, Kec. Langke Rembong, Kabupaten Manggarai, Nusa Tenggara Tim.",Manggarai,"3,7",158,Rp220.000
220,DAHLIA HOTEL,HOTEL MELATI,"Jl. Bhayangkari No.19, Pitak, Kec. Langke Rembong, Kabupaten Manggarai, Nusa Tenggara Tim. 86511",Manggarai,"3,6",62,Rp180.000
221,SKY FLORES HOTEL,HOTEL MELATI,"Jl. Yos Sudarso No.34, Mbaumuku, Kec. Langke Rembong, Kabupaten Manggarai, Nusa Tenggara Tim.",Manggarai,"4,1",614,Rp220.000
222,VILLA ALAM FLORES,PENYEDIAAN AKOMODASI JANGKA PENDEK LAINNYA,"Bangka Lelak, Kec. Lelak, Kabupaten Manggarai, Nusa Tenggara Tim.",Manggarai,"4,4",59,Rp180.000
223,VICTORY HOTEL,HOTEL MELATI,"Jl. Kartini No.06, Lawir, Kec. Langke Rembong, Kabupaten Manggarai, Nusa Tenggara Tim. 86516",Manggarai,"4,2",120,Rp190.000
224,REVAYAH HOTEL,HOTEL MELATI,"Carep, Langke Rembong, Carep, Kec. Langke Rembong, Kabupaten Manggarai, Nusa Tenggara Tim.",Manggarai,"4,1",310,Rp200.000
225,SPRING HILL BUNGALOW,HOTEL MELATI,"Jl. Kesturi No.1, Kelurahan Tadong, Kec. Langke Rembong, Kabupaten Manggarai, Nusa Tenggara Tim. 86511",Manggarai,"4,5",691,Rp250.000
226,INDAH HOTEL,HOTEL MELATI,JLN SLAMET RIYADI NO 9 KEL WATU,Manggarai,"3,3",18,Rp180.000
227,PENGINAPAN EFFATA,PENYEDIAAN AKOMODASI JANGKA PENDEK LAINNYA,JL. AHMAD YANI NO 8 KEL. TENDA,Manggarai,"4,9",9,Rp170.000
228,MJR TICKETING  GUEST HOUSE,PENYEDIAAN AKOMODASI JANGKA PENDEK LAINNYA,"Jl. NIAGA NO. 23 Shopping center district, Downtown, Nusa Tenggara Tim. 86511",Manggarai,"4,5",117,Rp200.000
229,D-RIMA HOMESTAY,PENYEDIAAN AKOMODASI JANGKA PENDEK LAINNYA,"Mbaumuku, Kec. Langke Rembong, Kabupaten Manggarai, Nusa Tenggara Tim.",Manggarai,"4,6",150,Rp120.000
230,HOBBIT HILL HOME STAY,PENYEDIAAN AKOMODASI JANGKA PENDEK LAINNYA,"JL LIANG BUA GOLO BILAS, KEL. KAROT",Manggarai,"4,6",60,Rp150.000
231,REO FAMILY HOME STAY,PENYEDIAAN AKOMODASI JANGKA PENDEK LAINNYA,"Lingkungan raca, kelurahan, Reo, Kec. Reok, Kabupaten Manggarai, Nusa Tenggara Tim.",Manggarai,"3,8",44,Rp130.000
232,HOTEL GLORIA,HOTEL MELATI,"Toka, RT.004/RW.002, Nanga Labang, Kec. Borong, Kabupaten Manggarai Timur, Nusa Tenggara Tim. 86571",Manggarai Timur,"3,9",70,Rp250.000
233,HOTEL MARYOS,HOTEL MELATI,"RT 001 SATAR PEOT, BORONG",Manggarai Timur,"3,5",12,Rp220.000
234,A.A HOTEL,HOTEL MELATI,JL PELABUHAN NO. 3,Manggarai Timur,4,69,Rp210.000
235,PRIMADONA PENGINAPAN,HOTEL MELATI,JL. TRANS FLORES KELURAHAN RANALOBA,Manggarai Timur,"3,6",118,Rp200.000
236,HOTEL EMBUN PAGI,HOTEL MELATI,"Nanga Labang, Kec. Borong, Kabupaten Manggarai Timur, Nusa Tenggara Tim.",Manggarai Timur,"3,7",64,Rp180.000
237,KASIH SAYANG HOTEL ANDI,HOTEL MELATI,"Rana Loba, Kec. Borong, Kabupaten Manggarai Timur, Nusa Tenggara Tim.",Manggarai Timur,"3,7",156,Rp170.000
238,KRISNA,HOTEL MELATI,JL TRANS FLORES BORONG,Manggarai Timur,"3,3",15,Rp200.000
239,CHARISMA,HOTEL MELATI,JL.KARTINI NO 1,Manggarai Timur,"3,9",92,Rp230.000
240,WAE MOLAS HOTEL,HOTEL MELATI,"Jalan Tongkol Goron Talo, Komodo, West Manggarai Regency, East Nusa Tenggara 86754",Manggarai Barat,"4,5",100,Rp300.000
241,GREEN HILL BOUTIQUE HOTEL,HOTEL MELATI,"Jl. Soekarno Hatta, Labuan Bajo, Kec. Komodo, Kabupaten Manggarai Barat, Nusa Tenggara Tim. 86554",Manggarai Barat,4,398,Rp578.396
242,BLUE OCEAN,HOTEL MELATI," Jl. Soekarno Hatta, Labuan Bajo, Kec. Komodo, Kabupaten Manggarai Barat, Nusa Tenggara Tim.",Manggarai Barat,"3,9",242,Rp450.000
243,WELA BAJO HOTEL,HOTEL MELATI,"Jl. Soekarno Hatta, Labuan Bajo, Kec. Komodo, Kabupaten Manggarai Barat, Nusa Tenggara Tim.",Manggarai Barat,"4,4",257,Rp550.000
244,RUMAH PEKERTI HOMESTAY,PENGINAPAN REMAJA,"Golo Koe Rt 014 Rw 004 kelurahan, Wae Kelambu, Komodo, West Manggarai Regency, East Nusa Tenggara",Manggarai Barat,"4,7",27,Rp200.000
245,MAWAR HOTEL,HOTEL MELATI,"JL. PUNCAK WARINGIN, LABUAN BAJO",Manggarai Barat,4,383,Rp300.000
246,MANTA-MANTA HOME STAY,PONDOK WISATA,"JL. SOEKARNO HATTA, GANG BAJO VIEW, LABUAN BAJO",Manggarai Barat,4,166,Rp400.000
247,SURYA HOTEL,HOTEL MELATI,JL. BIDADARI SAMPING PUSKESMAS LABUAN BAJO,Manggarai Barat,"3,5",62,Rp350.000
248,CF KOMODO HOTEL,HOTEL MELATI,"JL. ALOTANIS LAMTORO, LABUAN BAJO",Manggarai Barat,"3,3",150,Rp600.000
249,GREEN PRUNDI HOTEL,HOTEL MELATI,"JL. ALOTANIS, LABUAN BAJO",Manggarai Barat,"4,1",388,Rp650.000
250,EXOTIC KOMODO HOTEL,HOTEL MELATI,"JL. YOHANES SAHADOEN, LABUAN BAJO",Manggarai Barat,"4,2",754,Rp700.000
251,PAGI HOTEL,HOTEL MELATI,"JL. SOEKARNO HATTA, GORONTALO",Manggarai Barat,"3,5",213,Rp350.000
252,BAYVIEW GARDENS HOTEL,HOTEL MELATI,JALAN PUNCAK WARINGIN LABUAN BAJO,Manggarai Barat,"4,2",442,Rp500.000
253,GOLO HILLTOP HOTEL  RESTAURANT,HOTEL MELATI,"JL. WAE RANA, LABUAN BAJO",Manggarai Barat,"4,5",313,Rp600.000
254,WAECICU BEACH INN RESORT,HOTEL MELATI,"PANTAI WAECICU, LABUAN BAJO",Manggarai Barat,"3,7",444,Rp700.000
255,MOHINI KOMODO RESORT,HOTEL MELATI,JALAN WAE CICU,Manggarai Barat,"4,4",358,Rp650.000
256,BAJO SUNSET HOSTEL,PENGINAPAN REMAJA,"KAMPUNG UJUNG RT 02/01, LABUAN BAJO",Manggarai Barat,"3,9",154,Rp150.000
257,ORANGE HOTEL,HOTEL MELATI,"JL. MUTIARA, KAMPUNG UJUNG, LABUAN BAJO",Manggarai Barat,"3,4",163,Rp450.000
258,KHARISMA HOTEL,HOTEL MELATI,"JL. SOEKARNO HATTA, KAMPUNG CEMPA, LABUAN BAJO",Manggarai Barat,"4,1",40,Rp250.000
259,MATAHARI HOTEL,HOTEL MELATI,"JL. SOEKARNO HATTA, KAMPUNG TENGAH, LABUAN BAJO",Manggarai Barat,"3,8",310,Rp400.000
260,MUTIARA HOTEL,HOTEL MELATI,"JL. SOEKARNO HATTA, KAMPUNG TENGAH, LABUAN BAJO",Manggarai Barat,"3,9",138,Rp450.000
261,PELANGI HOTEL,HOTEL MELATI,"JL. CUMI-CUMI NO 4 RT 002/03, LABUAN BAJO",Manggarai Barat,"3,5",239,Rp550.000
262,SIOLA HOTEL,HOTEL MELATI,"JL. CUMI-CUMI, KAMPUNG UJUNG - LABUAN BAJO, TELP. 081338631710",Manggarai Barat,"3,6",297,Rp400.000
263,DIAZ LOSMEN,PONDOK WISATA,"JL. CUMI-CUMI, LABUAN BAJO",Manggarai Barat,"4,8",6,Rp300.000
264,THE SERAYA,HOTEL MELATI,PULAU SERAYA,Manggarai Barat,"4,6",152,"Rp 1,200,000"
265,SELINI ON THE HILL VILLAS,HOTEL MELATI,"GANG PERIKANAN, PUNCAK PRAMUKA, GORONTALO",Manggarai Barat,"3,7",251,Rp750.000
266,LA BOHEME BAJO,PENGINAPAN REMAJA,"GANG PERIKANAN LAMA DUSUN IV RT 010 RW 003, GORONTALO",Manggarai Barat,"4,1",368,Rp180.000
267,L BAJO HOTEL,HOTEL MELATI,JL. KASIMO NO 99 GORONTALO,Manggarai Barat,"3,8",633,Rp450.000
268,SUNRISE HOTEL,HOTEL MELATI,JL. H ISHAKA GORONTALO GANG PENGADILAN,Manggarai Barat,4,76,Rp500.000
269,KASUWARI HOTEL,HOTEL MELATI,"JL. H ISHAKA NO 15, GORONTALO",Manggarai Barat,"4,3",301,Rp600.000
270,AULIA HOTEL,HOTEL MELATI,"JL. GABRIEL GAMPUR, GORONTALO",Manggarai Barat,"3,8",107,Rp400.000
271,WISATA HOTEL,HOTEL MELATI,"JL. SUKARNO-HATTA NO. 39, GORONTALO",Manggarai Barat,"3,7",235,Rp350.000
272,BLESSING HOTEL,HOTEL MELATI,JL. KASIMO NO 4 GORONTALO,Manggarai Barat,"3,7",101,Rp350.000
273,PAVILLA HOTEL,HOTEL MELATI,"JL. VITALIS DJEBARUS NO 88, WAEMATA, GORONTALO",Manggarai Barat,"4,3",327,Rp450.000
274,SUNSET HILL HOTEL,HOTEL MELATI,"JL. DUSUN BANDARA, LABUAN BAJO",Manggarai Barat,"4,1",460,Rp500.000
275,THE TEUZ BB HOTEL,HOTEL MELATI,"JL. GUA FIRDAUS, GG. LEWUR, LABUAN BAJO",Manggarai Barat,4,121,Rp350.000
276,JOYO PANGESTU PENGINAPAN,PONDOK WISATA,"JL. RUTENG - LABUAN BAJO, MALAWATAR, LEMBOR",Manggarai Barat,"2,9",20,Rp200.000
277,KALTON HOTEL,HOTEL MELATI,JL. SIMPANG PEDE NO 08 LABUAN BAJO,Manggarai Barat,"4,2",234,Rp420.000
278,CENTRO BAJO HOTEL  RESTO,HOTEL MELATI,"JL. SOEKARNO-HATTA KOMPLEKS PLN, GORONTALO",Manggarai Barat,"4,1",292,Rp500.000
279,LA CECILE HOTEL  CAFE,HOTEL MELATI,"JL. GOLO SILA TEY, LINGKUNGAN 4, LABUAN BAJO",Manggarai Barat,"4,5",1458,Rp450.000
280,BAJO BEACH HOTEL,HOTEL MELATI,"JL. SOEKARNO HATTA, KAMPUNG TENGAH, LABUAN BAJO",Manggarai Barat,"4,2",52,Rp550.000
281,CAJOMA GUEST HOUSE  VILLA,HOTEL MELATI,"JL. PANTAI PEDE KM 4, GORONTALO, TELP. 0385 2440908",Manggarai Barat,"4,6",652,Rp300.000
282,MAXIMA PEARL HOTEL,HOTEL MELATI,"JL. SOEKARNO HATTA, LABUAN BAJO",Manggarai Barat,"4,2",91,Rp550.000
283,KOMODO BOUTIQUE HOTEL,HOTEL MELATI,"JL. SERNARU, WAE KELAMBU",Manggarai Barat,4,212,Rp600.000
284,MULIA HOMESTAY,PONDOK WISATA,GOLO KOE GANG KRIS JON,Manggarai Barat,5,1,Rp150.000
285,MBELILING MONTAIN ECOLODGE,HOTEL MELATI,"TRANS FLORES, LINGKO WAE BURENG",Manggarai Barat,"4,4",87,Rp600.000
286,STEN LODGE,PONDOK WISATA,"TRANS FLORES, PESARI MELO",Manggarai Barat,"4,7",46,Rp200.000
287,GOLO TANGO HOMESTAY,PONDOK WISATA,"Labuan Bajo, Kec. Komodo, Kabupaten Manggarai Barat, Nusa Tenggara Tim",Manggarai Barat,"4,5",95,Rp150.000
288,FIFA WIND HOTEL,HOTEL MELATI,"SERNARU, GANG SAMPING PETAMINA SERNARU",Manggarai Barat,5,1,Rp400.000
289,TANJUNG LIMA VILLAS LABUAN BAJO,HOTEL MELATI,"JL. BOUGENVILE, LINGKUNGAN WAE SAMBI",Manggarai Barat,"4,5",98,Rp700.000
290,G-RIMA HOME STAY,PONDOK WISATA,"JL. TRANS FLORES, KAPER, GOLO BILAS",Manggarai Barat,"4,6",123,Rp200.000
291,EAST MARINA GUEST HOUSE,PONDOK WISATA,"PANTAI PEDE, GORONTALO, KOMODO",Manggarai Barat,"4,6",69,Rp200.000
292,THE CONTAINER,HOTEL MELATI,"GANG PENGADILAN, GORONTALO, KOMODO",Manggarai Barat,"4,4",229,Rp350.000
293,TARSAN HOMESTAY,PONDOK WISATA,"Jl. Firdaus, Labuan Bajo, Kec. Komodo, Kabupaten Manggarai Barat, Nusa Tenggara Tim. 86574",Manggarai Barat,"4,4",84,Rp180.000
294,Komodo Lodge,HOTEL MELATI," Jalan Mutiara, Kampung Ujung, Jl. Mutiara, Labuan Bajo, Kec. Komodo, Kabupaten Manggarai Barat, Nusa Tenggara Tim.",Manggarai Barat,4,393,Rp400.000
295,HOTEL ELORA,HOTEL MELATI,"Jl. Yohanes Sahadoen No.8, Labuan Bajo, Kec. Komodo, Kabupaten Manggarai Barat, Nusa Tenggara Tim.",Manggarai Barat,"4,6",241,Rp450.000
296,VILLA DE OWIS,HOTEL MELATI,"Jalan Sernaru, Sernaru, Wae Kelambu, Labuan Bajo, Komodo, East Nusa Tenggara",Manggarai Barat,"4,4",39,Rp500.000
297,MEHARA HOTEL,HOTEL MELATI,"Jl. Mutiara Gg Tuna, RT.04/RW.02, Labuan Bajo, Kec. Komodo, Kabupaten Manggarai Barat, Nusa Tenggara Tim.",Manggarai Barat,4,22,Rp350.000
298,World BnB,HOTEL MELATI,"Jl. Cowang Dereng RT.004/RW.001 Batu Cermin, Labuan Bajo, Kec. Komodo, Nusa Tenggara Tim. 86754",Manggarai Barat,"4,4",283,Rp300.000
299,Villa Domanik,APARTEMEN HOTEL,"Desa Goron Talo, Komodo, West Manggarai Regency, East Nusa Tenggara",Manggarai Barat,"4,6",88,Rp600.000
300,La Belle Etoile Hotel,HOTEL MELATI,"Desa Gorontalo, Jl. Pantai Pede Labuan Bajo, Kabupaten Manggarai Barat, Nusa Tenggara Tim. 86554",Manggarai Barat,"4,6",32,Rp500.000
301,Blue Marlin Hotel,HOTEL MELATI,"Jl. Soekarno Hatta, Labuan Bajo, Kec. Komodo, Kabupaten Manggarai Barat, Nusa Tenggara Tim. 86552",Manggarai Barat,"4,5",692,Rp550.000
302,Flaminggo Avia,HOTEL MELATI,"jalan reklamasi, kampung air, Labuan Bajo, Kec. Komodo, Kabupaten Manggarai Barat, Nusa Tenggara Tim. 86754",Manggarai Barat,"4,3",268,Rp400.000
303,LA RENSIA HOTEL RESTO,HOTEL MELATI,Jl Alo Tanis Kelurahan Labuan Bajo Kec Komodo,Manggarai Barat,"3,9",110,Rp450.000
304,BONNE NUIT HOTEL,HOTEL MELATI,Jl. Bandara Gg Evllar Keluraha Labuan Bajo Kec. Komodo,Manggarai Barat,"4,2",177,Rp350.000
305,Cahaya Adrian Hotel,HOTEL MELATI,"Cowang Dereng, RT. 007 / RW. 02, Batu Cermin, Labuan Bajo, Batu Cermin, Kec. Komodo, Kabupaten Manggarai Barat, Nusa Tenggara Tim. 86554",Manggarai Barat,"3,8",93,Rp400.000
306,Eco Tree OTel,HOTEL MELATI,"Jl. Soekarno Hatta No.15, Labuan Bajo, Kec. Komodo, Kabupaten Manggarai Barat, Nusa Tenggara Tim. 86754",Manggarai Barat,"4,3",855,Rp400.000
307,Blue Parrot,HOTEL MELATI,"Jalan Binongko, Labuan Bajo, Kec. Komodo, Kabupaten Manggarai Barat, Nusa Tenggara Tim. 86554",Manggarai Barat,"4,5",109,Rp350.000
308,Palulu Garden Home Stay,PONDOK WISATA,"Jl.puncak waringin, Labuan Bajo, Kec. Komodo, Kabupaten Manggarai Barat, Nusa Tenggara Tim. 86754",Manggarai Barat,"4,2",52,Rp200.000
309,Escape Bajo,HOTEL MELATI,"Jalan Binongko, Kel Labuan Bajo, Kec. Komodo, Kabupaten Manggarai Barat, Nusa Tenggara Tim.",Manggarai Barat,"4,6",1359,Rp350.000
310,HOTEL WAE CICU EDEN BEACH,PONDOK WISATA,Waecicu Kel. Labuan Bajo Kecamatan Komodo,Manggarai Barat,"3,8",146,Rp250.000
311,PENGINAPAN DAMAI,PENGINAPAN REMAJA,"Jalan Ruteng Labuan Bajo RT.09 / RW.05 Tangge, Siru, Kecamatan Lembor, Kabupaten Manggarai Barat, Nusa Tenggara Tim.",Manggarai Barat,"3,9",161,Rp150.000
312,AYANA KOMODO RESORT,HOTEL BINTANG LIMA,"PANTAI WAECICU, LABUAN BAJO",Manggarai Barat,"4,7",3374,"Rp 5,000,000"
313,BINTANG FLORES HOTEL,HOTEL BINTANG EMPAT,"JL. PANTAI PEDE, GORONTALO",Manggarai Barat,"4,4",1728,"Rp 1,000,000"
314,LA PRIMA HOTEL,HOTEL BINTANG TIGA,"JL. PANTAI PEDE, GORONTALO",Manggarai Barat,"4,3",2219,Rp800.000
315,LOCCAL COLLECTION HOTEL,HOTEL BINTANG EMPAT,"JALAN BINONGKO, LABUAN BAJO, KEC. KOMODO, KABUPATEN MANGGARAI BARAT, NUSA TENGGARA TIM.",Manggarai Barat,"4,3",1695,Rp940.399
316,LUWANSA BEACH  RESORT,HOTEL BINTANG EMPAT,"JL. PANTAI PEDE, GORONTALO",Manggarai Barat,"4,3",1137,Rp593.013
317,MERUORAH HOTEL,HOTEL BINTANG LIMA,"JL SOEKARNO HATTA LINGKUNGAN 2, KAMPUNG UJUNG",Manggarai Barat,"4,5",1368,Rp1.848.524
318,PLATARAN KOMODO RESORT,HOTEL BINTANG LIMA,"PANTAI WAECICU, LABUAN BAJO",Manggarai Barat,"4,7",719,Rp3.031.237
319,SEAESTA KOMODO,HOTEL BINTANG EMPAT,PUNCAK WARINGIN KMP. UJUNG,Manggarai Barat,"4,6",1185,Rp700.000
320,SUDAMALA RESORT KOMODO,HOTEL BINTANG LIMA,"GORONTALO, JL. PANTAI PEDE NO.KM. 3, LABUAN BAJO, KABUPATEN MANGGARAI BARAT, NUSA TENGGARA TIM. 86554",Manggarai Barat,"4,6",732,Rp1.698.202
321,SYLVIA HOTEL  RESORT KOMODO,HOTEL BINTANG TIGA,"PANTI WAECICU, LABUAN BAJO, KEC. KOMODO",Manggarai Barat,"4,2",1746,Rp600.000
322,THE JAYAKARTA SUITES KOMODO FLORES HOTEL,HOTEL BINTANG LIMA,"JL. PANTAI PEDE KM. 5, GORONTALO",Manggarai Barat,"4,4",2451,"Rp 1,200,000"
323,TRIPLE 8 SUITES HOTEL,HOTEL BINTANG DUA,MUTIARA LABUAN BAJO SAMPING SDN 1,Manggarai Barat,4,113,Rp400.000
324,HOTEL VICTORY,HOTEL MELATI,DUSUN WEMALAE JL. BETUN TUABAKI DESA WEHALI,Malaka,"3,9",81,Rp200.000
325,WISMA CERIA,HOTEL MELATI,AHMAD YANI TUBAKI,Malaka,"4,1",22,Rp250.000
326,ELLORA GUEST HOUSE,PONDOK WISATA,JL. RAYA BETUN DESA WEHALI,Malaka,"4,2",171,Rp150.000
327,HOTEL CINTA DAMAI,HOTEL MELATI,"JL. PEMANCAR 2 TVRI, BETUN",Malaka,5,4,Rp200.000
328,HOTEL SESAWI,HOTEL MELATI,BETUN KOTA DUSUN WEMALAE,Malaka,4,28,Rp180.000
329,NEW ANNISA BEACH HOTEL,HOTEL MELATI,JL. WAIKILOK LEWOLEBA,Lembata,4,103,Rp300.000
330,LEWOLEBA HOTEL,HOTEL MELATI,JL. AWO LOLONG NO. 15,Lembata,"3,5",56,Rp350.000
331,LEMBATA INDAH HOTEL,HOTEL MELATI,JL. TRANS NAGAWUTUNG LINGKUNGAN BERDIKARI RW 01,Lembata,4,229,Rp275.000
332,REJEKI HOTEL,HOTEL MELATI,"JALAN TRANS LEMBATA NO 93 LEWOLEBA, LEMBATA",Lembata,"4,1",80,Rp300.000
333,OLYMPIC HOTEL,HOTEL MELATI,JALAN TRANS LEMBATA RAYUAN KELAPA-LEWOLEBA UTARA,Lembata,4,388,Rp250.000
334,CHRYSANT HOTEL AND RESSORT,HOTEL MELATI,Antanovfatukoboi-taebanu,Kupang,4,292,Rp350.000
335,TABLOLONG BEACH RESORT,HOTEL MELATI,"JALAN JURUSAN BBIB, DESA TABLOLONG, KECAMATAN KUPANG BARAT",Kupang,4,125,Rp450.000
336,PENGINAPA WILMA,HOTEL MELATI,Jln Adisucipto - Penfui Timur,Kupang,"4,2",199,Rp200.000
337,HOTEL RULIES,HOTEL MELATI,JL YOS SUDARSO KELURAHAN LOKEA KECAMATAN LARANTUKA,Flores Timur,4,7,Rp225.000
338,LARANTUKA BEACH HOME STAY,HOTEL MELATI,JALAN BAWAH KELURAHAN SAROTARI TIMUR KECAMATAN LARANTUKA,Flores Timur,"4,6",141,Rp180.000
339,HOTEL KARTIKA,HOTEL MELATI,JALAN REINHA ROSARI KELURAHAN POSTOH,Flores Timur,4,51,Rp275.000
340,AMORIA HOTEL,HOTEL MELATI,JALAN REINHA ROSARI KELURAHAN POSTOH,Flores Timur,3,29,Rp350.000
341,ASA HOTEL,HOTEL MELATI,JL. SOEKARNO HATTA KEL.WERI-LARANTUKA,Flores Timur,"4,4",624,Rp400.000
342,HOTEL PELANGI,HOTEL MELATI,JL LASITARDA KELURAHAN POHON BAO KECAMATAN LARANTUKA,Flores Timur,4,56,Rp300.000
343,HOTEL GELEKAT NARA,HOTEL MELATI,JL. BASUKI RAHMAT NO. 02 POHON BAO LARANTUKA,Flores Timur,4,183,Rp280.000
344,PONDOK BINA OLANGARI,PENYEDIAAN AKOMODASI JANGKA PENDEK LAINNYA,JALAN MELATI,Ende,5,5,Rp150.000
345,GRAND WISATA HOTEL,HOTEL MELATI,JALAN KELIMUTU NO 32,Ende,"3,9",698,Rp500.000
346,HOTEL IKHLAS,PENYEDIAAN AKOMODASI JANGKA PENDEK LAINNYA,JL. AHMAD YANI NO 69,Ende,4,258,Rp220.000
347,ESTEVANIA LODGE,HOTEL MELATI,JALAN TRANS ENDE MAUMERE,Ende,"4,1",38,Rp260.000
348,PALM BUNGALOW,HOTEL MELATI,WOLOARA,Ende,"4,3",86,Rp270.000
349,LCR HOTEL,PENYEDIAAN AKOMODASI JANGKA PENDEK LAINNYA,JALAN MELATI,Ende,"4,6",396,Rp200.000
350,ALHIDAYAH HOTEL,PONDOK WISATA,JALAN YOS SUDARSO,Ende,"3,3",16,Rp200.000
351,HOTEL FLORES MANDIRI,HOTEL MELATI,JALAN EL TARI NO 1,Ende,4,263,Rp275.000
352,LOSMEN H MANSYUR,HOTEL MELATI,JL AEMBONGA 3,Ende,"3,4",55,Rp300.000
353,KING HOTEL,HOTEL MELATI,JL. KEMAKMURAN NO. 05 MBONGAWANI,Ende,"3,7",185,Rp250.000
354,HOTEL RAHMAT,HOTEL MELATI,JL. AEMBONGA I NO. 4 RT 01 RW 07,Ende,"4,9",23,Rp350.000
355,JAYA HILL GARDEN,PENYEDIAAN AKOMODASI JANGKA PENDEK LAINNYA,JALAN TRANS ENDE MAUMERE,Ende,"4,4",23,Rp450.000
356,FANNY HOTEL  GALERI TENUN,HOTEL MELATI,JALAN KELIMUTU NO 61,Ende,"4,5",22,Rp200.000
357,FARILA LODGE,PENYEDIAAN AKOMODASI JANGKA PENDEK LAINNYA,JALAN TRANS ENDE MAUMERE,Ende,"4,8",29,Rp225.000
358,MAHONI GUEST HOUSE,PENYEDIAAN AKOMODASI JANGKA PENDEK LAINNYA,"Koanara, Kec. Kelimutu, Kabupaten Ende, Nusa Tenggara Tim.",Ende,"4,3",67,Rp180.000
359,FAMILY GUEST HOUSE,PENYEDIAAN AKOMODASI JANGKA PENDEK LAINNYA,"Jl. Moni - Kelimutu, Koanara, Kec. Kelimutu, Kabupaten Ende, Nusa Tenggara Tim.",Ende,"4,6",17,Rp275.000
360,LEGEND GUEST HOUSE,PENYEDIAAN AKOMODASI JANGKA PENDEK LAINNYA,JALAN TRANS ENDE MAUMERE,Ende,"4,8",27,Rp350.000
361,EJA GUEST HOUSE,PENYEDIAAN AKOMODASI JANGKA PENDEK LAINNYA,JALAN TRANS ENDE MAUMERE,Ende,5,7,Rp400.000
362,FLORES PASSPORT HOUSE,PENYEDIAAN AKOMODASI JANGKA PENDEK LAINNYA,JL. WOLOARE B ,Ende,"4,4",76,Rp300.000
363,HOTEL IKHLAS,PENYEDIAAN AKOMODASI JANGKA PENDEK LAINNYA,JL. AHMAD YANI NO 69,Ende,4,258,Rp280.000
364,HARRISON HOTEL,PENYEDIAAN AKOMODASI JANGKA PENDEK LAINNYA,JALAN KELIMUTU NO 11,Ende,"3,8",130,Rp150.000
365,BERLIAN HOTEL,PENYEDIAAN AKOMODASI JANGKA PENDEK LAINNYA,JALAN KELIMUTU NO 7,Ende,"4,2",245,Rp500.000
366,NURJAYA HOTEL,HOTEL MELATI,JL. AHMAD YANI NO 20,Ende,"4,1",27,Rp220.000
367,CENTURY HOMESTAY,PENYEDIAAN AKOMODASI JANGKA PENDEK LAINNYA,JL TAMAN NASIONAL KELIMUTU KM 3,Ende,5,4,Rp260.000
368,BELLA HOMESTAY,PENYEDIAAN AKOMODASI JANGKA PENDEK LAINNYA,JL TAMAN NASIONAL KELIMUTU KM 3,Ende,"4,2",608,Rp270.000
369,STANIS HOME STAY,PONDOK WISATA,MONI KELIMUTU,Ende,5,1,Rp200.000
370,J-HOTEL,HOTEL MELATI,JL. GATOT SUBROTO LORONG PLTD,Ende,"3,9",142,Rp180.000
371,SYIFA HOTEL,HOTEL MELATI,JL. GATOT SUBROTO,Ende,"3,5",260,Rp250.000
372,HOTEL MAKANUL AMNI,HOTEL MELATI,JL. MAHONI NO. 33,Ende,"3,9",54,Rp225.000
373,HOTEL SINAR HARAPAN,HOTEL MELATI,JALAN MAHONI,Ende,"3,9",8,Rp275.000
374,SATARMESE HOTEL,HOTEL MELATI,JL. ELTARI RT 002 RW 003,Ende,"4,1",148,Rp200.000
375,DASI GUEST HOUSE,PONDOK WISATA,JL. DURIAN ATAS NO 2,Ende,"4,2",315,Rp180.000
376,MERPATI HOTEL,HOTEL MELATI,JL. AHMAD YANI RT 020 RW 007,Ende,"4,3",40,Rp200.000
377,RINJANI HOTEL,HOTEL MELATI,JL. AHMAD YANI NO 18,Ende,"4,4",18,Rp250.000
378,BINTANG BUNGALOW,PONDOK WISATA,JALAN TRANS ENDE - MONI RT 08 RW 03,Ende,"3,4",7,Rp225.000
379,CHENTY LODGE,PONDOK WISATA,TRANS FLORES ENDE MAUMERE,Ende,"4,4",7,Rp270.000
380,WATUGANA BUNGALOW,PONDOK WISATA,TRANS FLORES  ENDE MAUMERE DESA KOANARA,Ende,"3,6",17,Rp280.000
381,SILVESTER HOMESTAY,PONDOK WISATA,JALAN TRANS ENDE MAUMERE,Ende,"4,2",16,Rp300.000
382,RICE FIELD,PONDOK WISATA,JALAN TRANS ENDE MAUMERE,Ende,4,13,Rp200.000
383,PONDOK HIDAYAH GUEST HOUSE,PENYEDIAAN AKOMODASI JANGKA PENDEK LAINNYA,JALAN TRANS ENDE MAUMERE,Ende,"4,1",21,Rp250.000
384,ARWANTY BUNGALOW,PONDOK WISATA,JALAN TRANS ENDE - MAUMERE,Ende,"3,4",14,Rp275.000
385,SAO RIA WISATA BUNGALOW,PONDOK WISATA,TRANS FLORES ENDE MAUMERE,Ende,5,5,Rp221.050
386,HOTEL DWI PUTRA,HOTEL MELATI,JL. YOS SUDARSO NO. 27,Ende,"3,7",75,Rp230.000
387,MENTARI HOTEL,HOTEL MELATI,JL. PAHLAWAN NO 19 RT 001 RW 001,Ende,"3,5",20,Rp949.954
388,DANIEL LODGE,PONDOK WISATA,JALAN TRANS ENDE MAUMERE,Ende,"3,6",48,Rp225.000
389,ANTONERI LODGE,PONDOK WISATA,TRANS ENDE MAUMERE RT 02 RW 02 DUSUN II KOANARA,Ende,"3,5",6,Rp520.661
390,KELIMUTU CRATER LAKES ECO LODGE,PONDOK WISATA,JALAN TRANS ENDE - MAUMERE,Ende,"4,3",224,Rp899.794
391,SAFARI HOTEL,HOTEL MELATI,JL. AHMAD YANI NO. 65,Ende,"3,9",156,Rp1.000.000
392,HOTEL ANGGREK,HOTEL MELATI,JL. GATOT SUBROTO KM 3,Ende,"3,9",268,Rp350.000
393,FANNY HOTEL  GALERI TENUN,HOTEL MELATI,JALAN KELIMUTU NO 61,Ende,"4,5",22,Rp400.000
394,HOTEL SETIA,HOTEL MELATI,JALAN NENUKIIK,Belu,"4,5",192,Rp200.000
395,HOMESTAY ATAMBUA INN,PENYEDIAAN AKOMODASI JANGKA PENDEK LAINNYA,BELAKANG KANTOR PMI KM 2,Belu,"4,5",48,Rp150.000
396,KING STAR HOTEL,HOTEL MELATI,JL. MOH YAMIN KM 2 0389 21736,Belu,"4,2",701,Rp402.948
397,HOMEY STAY GRIYA BUNDA,PONDOK WISATA,IMAN BONJOL NO.22 TANAH MERAH,Belu,"4,4",102,Rp250.000
398,HOTEL PARADISO,HOTEL MELATI,JLN CENDANA,Belu,"3,4",123,Rp. 500.000
399,HOTEL KLABEN,HOTEL MELATI,JL DUBESI NANAET NO 4,Belu,"3,5",30,Rp220.000
400,PERMATA HOTEL,HOTEL MELATI,JL. ELTARI NO. 87 0389 21740,Belu,"3,9",151,Rp200.000
401,TIMOR HOTEL,HOTEL MELATI,JL. DR. G.A. SIWABESSY 0389 23033,Belu,"3,8",10,Rp275.000
402,HOTEL LIURAI,HOTEL MELATI,JL GATOT SUBROTO NO 4,Belu,"3,5",123,Rp150.000
403,HOTEL MATAHARI,HOTEL MELATI,JL. ADE IRMA SURYANI,Belu,"3,9",969,Rp300.000
404,NUSANTARA DUA HOTEL,HOTEL MELATI,JL. I. J. KASIMO,Belu,"3,7",274,Rp220.000
405,HOTEL WISATA,HOTEL MELATI,JLN MERDEKA NO 35,Belu,"3,7",235,Rp150.000
406,ARSA JAYA PERKAYA HOME STAY,PONDOK WISATA,JL. MERDEKA LAFAEKFERA,Belu,"4,4",14,Rp150.000
407,PENGINAPAN ALAM SUBUR,PONDOK WISATA,JL. MOH YAMIN KM 1,Belu,"4,3",180,Rp370.500
408,PELANGI INDAH HOTEL,HOTEL MELATI,"Jl. Diponegoro No. 34, Kalabahi, Kalabahi Kota, Kec. Tlk. Mutiara",Alor,"3,6",179,Rp400.000
409,HOME STAY DINDA,PONDOK WISATA,"Jl. Dahlia 20 NTT, Kalabahi Kota, Kec. Tlk. Mutiara",Alor,"4,4",24,Rp795.203
410,HOTEL MELATI,HOTEL MELATI,"JL. Dr. sutomo, No. 1, Kalabahi Kota, Kec. Tlk. Mutiara",Alor,"4,2",82,Rp100.000
411,HOME STAY LEREBENG,PONDOK WISATA,"RT 5 RW 3 Alor Kecil, Alor Barat Laut",Alor,"4,9",16,Rp100.000
412,Marlina Hotel,HOTEL MELATI,"Jl. Eltari no. 3 Kel. Mutiara, Kec. Teluk Mutiara",Alor,"3,9",11,Rp327.540
413,Mokkolipa,PONDOK WISATA," Lipa pantai, Teluk Mutiara",Alor,"4,6",109,Rp259.000
414,Celyn Homestay,PONDOK WISATA," pantai mali, Kabola",Alor,"4,6",7,Rp834.276
415,Homestay Cantik,PONDOK WISATA,"Tingkat Satu Kalabahi, Kalabahi Kota, Kec. Tlk. Mutiara,",Alor,"4,3",104,Rp. 200.000
416,HOTEL PULO ALOR,HOTEL BINTANG TIGA,"JL. ELTARI RT. 12 RW. IV, KEL. MUTIARA, KEC. TELUK MUTIARA",Alor,4,519,Rp343.539
417,SIMFONY HOTEL ALOR,HOTEL BINTANG TIGA,"JL. DIPONEGORO, WETABUA, KEC. TLK. MUTIARA",Alor,"4,4",346,Rp100.000